iteration,loss
0,0.10911277681589127
3,0.06187790632247925
4,0.04424595832824707
21,0.0020036178175359964
25,0.00209364527836442
34,0.003972385544329882
43,0.0008668266818858683
46,0.0007192443590611219
51,0.0009244648390449584
52,0.0009876227704808116
56,0.0009978758171200752
57,0.0009128115489147604
58,0.0007503700908273458
64,0.0002326149115106091
67,0.0002081833517877385
70,0.0002280108747072518
73,0.0002869126037694514
74,0.00028785786707885563
75,0.00025442056357860565
78,0.00012983592750970274
80,8.265690121334046e-05
81,6.354966171784326e-05
84,3.416722029214725e-05
87,3.542427293723449e-05
89,4.664542939281091e-05
90,5.1149942009942606e-05
93,6.016173574607819e-05
97,7.129931327654049e-05
98,6.852844671811908e-05
100,4.893519144388847e-05
108,8.923969289753586e-05
110,9.568959649186581e-05
117,6.756679795216769e-05
118,6.608632975257933e-05
121,6.260503141675144e-05
127,8.937547681853175e-05
130,6.316298095043749e-05
134,3.817285323748365e-05
135,3.3488573535578325e-05
143,7.875331357354298e-05
150,2.655339994817041e-05
151,2.1982121324981563e-05
155,2.0164794477750547e-05
161,4.5239950850373134e-05
164,2.6931003958452493e-05
165,1.841144148784224e-05
166,1.1098723007307854e-05
170,5.459714429889573e-06
171,4.312253167881863e-06
173,3.663421011879109e-06
177,6.04925662628375e-06
179,7.235237717395648e-06
186,1.0127628229383845e-06
188,1.1729617881428567e-06
191,2.0693451006081887e-06
193,4.351719326223247e-06
196,5.981632057228126e-06
201,2.630512426549103e-06
204,2.475719611538807e-06
206,2.4704345378268044e-06
210,2.4185271740861936e-06
211,2.1663013285433408e-06
213,1.1921038094442338e-06
218,3.066517706429295e-07
219,2.587828475952847e-07
221,1.524567636579377e-07
225,4.812919769392465e-07
226,4.512062332651112e-07
228,1.0046299081523102e-07
233,5.048689217801439e-07
234,3.8109709521449986e-07
237,4.899327876728421e-08
243,2.027773149393397e-07
245,8.026761122437165e-08
246,1.443871724404744e-07
247,2.122080644539892e-07
250,6.978248023870037e-08
253,5.570253733822028e-07
254,6.013146958139259e-07
258,9.199256112424337e-08
259,4.486517468649254e-08
262,3.903482337364039e-08
263,3.238919177306343e-08
279,1.6792695589629147e-07
284,8.64942819589487e-08
285,6.854615008933251e-08
287,4.239358375457414e-08
290,4.905286488110505e-08
292,8.572281018359718e-08
295,4.304528999909962e-08
296,1.831151763553862e-08
299,7.2273254048127455e-09
304,2.9638973941814584e-08
306,2.0768162301010307e-08
307,1.0391722149449834e-08
311,2.396290454953487e-08
312,2.0298568159660135e-08
316,5.469275698999354e-09
319,5.605902408944985e-09
322,2.933251863623809e-09
324,3.5981102541882137e-09
328,2.2920465525544387e-09
333,3.255955505210295e-09
336,1.3377841057149453e-09
337,1.3664722686712594e-09
338,1.5282815013506479e-09
340,1.4833787531642884e-09
343,2.184536995741837e-09
345,3.4033877938099977e-09
350,1.0093614832840103e-09
351,1.0307363851325135e-09
352,9.434906189653702e-10
358,7.844835892001356e-10
359,7.125686707354362e-10
361,5.986073858821328e-10
362,5.619211762564191e-10
365,4.847162671239857e-10
366,4.776712358989244e-10
369,4.041513790298268e-10
370,3.9251801808859454e-10
372,3.7823788545665593e-10
375,3.192983655253556e-10
377,2.8504665294804e-10
381,2.3806201454590337e-10
382,2.4629720485336293e-10
387,1.900941626331587e-10
390,1.7999113310906978e-10
392,1.5488854643308514e-10
395,1.497149071383319e-10
405,9.746781159947204e-11
410,9.751222052045705e-11
411,1.0233147662574993e-10
412,9.654055332930511e-11
416,7.927614120717408e-11
417,7.774580979003076e-11
419,6.534772722943671e-11
420,6.089262427622089e-11
427,4.622524585329302e-11
428,4.475086967659081e-11
436,3.8339997843195306e-11
439,3.200195664021521e-11
441,3.05089287166993e-11
442,2.945288457567585e-11
445,2.7268853841633245e-11
448,2.546052257912379e-11
449,2.3447022101663606e-11
452,2.0241586184965854e-11
453,1.9266366280135117e-11
455,1.6795453916529368e-11
456,1.5980106127244653e-11
461,1.2539302929326368e-11
465,1.0348166767926159e-11
468,9.211298390709999e-12
470,8.57625082062441e-12
472,7.716494110354688e-12
474,7.084999253947899e-12
479,5.966782623545441e-12
481,5.46318545957547e-12
483,4.955147403506999e-12
484,4.644284956611955e-12
485,4.47020198635073e-12
486,4.296119016089506e-12
490,3.3235636465178686e-12
491,3.1397107136399427e-12
492,2.9389823907877144e-12
494,2.4735768988648488e-12
497,1.9735324485736783e-12
501,1.5436540934388177e-12
502,1.4583889651476056e-12
503,1.4024337247064977e-12
506,1.1723955140041653e-12
508,1.042721464727947e-12
509,9.512390874988341e-13
517,6.137312880127865e-13
519,5.160316618457728e-13
520,5.160316618457728e-13
522,4.858335955759685e-13
527,3.561595462997502e-13
528,3.304023721284466e-13
537,2.824407374646398e-13
539,2.460254222569347e-13
551,1.6608936448392342e-13
552,1.6608936448392342e-13
555,1.652011860642233e-13
557,1.687538997430238e-13
566,1.1901590823981678e-13
569,1.0391687510491465e-13
572,9.325873406851315e-14
575,9.059419880941277e-14
577,9.059419880941277e-14
580,6.483702463810914e-14
581,6.572520305780927e-14
585,5.5067062021407764e-14
586,5.5067062021407764e-14
591,3.8191672047105385e-14
592,3.8191672047105385e-14
594,3.8191672047105385e-14
595,3.730349362740526e-14
596,2.398081733190338e-14
598,2.3092638912203256e-14
604,2.3092638912203256e-14
607,2.220446049250313e-14
608,2.220446049250313e-14
609,2.3092638912203256e-14
611,1.687538997430238e-14
613,1.687538997430238e-14
614,1.7763568394002505e-14
620,1.9539925233402755e-14
622,1.865174681370263e-14
624,1.3322676295501878e-14
625,1.3322676295501878e-14
626,5.329070518200751e-15
627,7.993605777301127e-15
628,5.329070518200751e-15
629,5.329070518200751e-15
635,5.329070518200751e-15
639,8.881784197001252e-15
644,4.440892098500626e-15
645,4.440892098500626e-15
649,8.881784197001252e-16
651,8.881784197001252e-16
652,8.881784197001252e-16
653,8.881784197001252e-16
657,8.881784197001252e-16
658,8.881784197001252e-16
659,4.440892098500626e-15
660,4.440892098500626e-15
661,4.440892098500626e-15
668,8.881784197001252e-16
674,8.881784197001252e-16
675,1.7763568394002505e-15
678,8.881784197001252e-16
680,8.881784197001252e-16
688,8.881784197001252e-16
691,8.881784197001252e-16
697,8.881784197001252e-16
705,8.881784197001252e-16
707,1.7763568394002505e-15
710,8.881784197001252e-16
713,4.440892098500626e-15
714,4.440892098500626e-15
716,8.881784197001252e-16
717,8.881784197001252e-16
718,8.881784197001252e-16
719,8.881784197001252e-16
723,4.440892098500626e-15
724,5.329070518200751e-15
728,8.881784197001252e-16
729,8.881784197001252e-16
731,8.881784197001252e-16
733,8.881784197001252e-16
743,8.881784197001252e-16
747,8.881784197001252e-16
748,1.7763568394002505e-15
749,0.0
750,0.0
751,0.0
754,0.0
757,0.0
758,0.0
761,8.881784197001252e-16
763,8.881784197001252e-16
768,0.0
770,0.0
775,0.0
776,0.0
777,0.0
781,0.0
782,0.0
787,0.0
788,0.0
792,0.0
799,0.0
802,0.0
803,0.0
804,0.0
805,0.0
806,0.0
807,0.0
809,0.0
811,0.0
817,0.0
819,0.0
820,0.0
821,0.0
825,0.0
827,0.0
828,0.0
829,0.0
833,0.0
834,0.0
835,0.0
836,0.0
840,0.0
842,0.0
843,0.0
846,0.0
848,0.0
850,0.0
851,0.0
855,0.0
856,0.0
857,0.0
861,0.0
863,0.0
865,0.0
866,0.0
869,0.0
874,0.0
880,0.0
882,0.0
883,0.0
886,0.0
887,0.0
888,0.0
889,0.0
891,0.0
894,0.0
899,0.0
909,0.0
910,0.0
911,0.0
912,0.0
914,0.0
916,0.0
918,0.0
920,0.0
921,0.0
929,0.0
932,0.0
934,0.0
938,0.0
939,0.0
948,0.0
949,0.0
953,0.0
955,0.0
958,0.0
960,0.0
965,0.0
966,0.0
967,0.0
968,0.0
969,0.0
977,0.0
978,0.0
980,0.0
982,0.0
985,0.0
989,0.0
990,0.0
991,0.0
992,0.0
998,0.0
1000,0.0
1002,0.0
1004,0.0
1006,0.0
1008,0.0
1012,0.0
1016,0.0
1025,0.0
1026,0.0
1029,0.0
1031,0.0
1034,0.0
1037,0.0
1040,0.0
1042,0.0
1043,0.0
1046,0.0
1059,0.0
1060,0.0
1072,0.0
1074,0.0
1075,0.0
1076,0.0
1079,0.0
1080,0.0
1082,0.0
1083,0.0
1084,0.0
1085,0.0
1091,0.0
1093,0.0
1094,0.0
1105,0.0
1108,0.0
1110,0.0
1116,0.0
1117,0.0
1118,0.0
1121,0.0
1131,0.0
1138,0.0
1145,0.0
1148,0.0
1150,0.0
1151,0.0
1152,0.0
1155,0.0
1157,0.0
1164,0.0
1166,0.0
1170,0.0
1176,0.0
1178,0.0
1186,0.0
1188,0.0
1194,0.0
1197,0.0
1198,0.0
1202,0.0
1206,0.0
1209,0.0
1211,0.0
1215,0.0
1218,0.0
1223,0.0
1225,0.0
1227,0.0
1230,0.0
1234,0.0
1238,0.0
1245,0.0
1250,0.0
1258,0.0
1261,0.0
1264,0.0
1265,0.0
1266,0.0
1268,0.0
1271,0.0
1275,0.0
1289,0.0
1294,0.0
1296,0.0
1301,0.0
1311,0.0
1316,0.0
1332,0.0
1334,0.0
1339,0.0
1341,0.0
1342,0.0
1347,0.0
1348,0.0
1350,0.0
1352,0.0
1353,0.0
1355,0.0
1359,0.0
1365,0.0
1366,0.0
1369,0.0
1374,0.0
1380,0.0
1383,0.0
1384,0.0
1386,0.0
1387,0.0
1394,0.0
1395,0.0
1396,0.0
1397,0.0
1403,0.0
1406,0.0
1407,0.0
1410,0.0
1411,0.0
1412,0.0
1414,0.0
1416,0.0
1417,0.0
1421,0.0
1423,0.0
1425,0.0
1427,0.0
1431,0.0
1432,0.0
1433,0.0
1436,0.0
1437,0.0
1438,0.0
1443,0.0
1451,0.0
1457,0.0
1459,0.0
1462,0.0
1465,0.0
1467,0.0
1468,0.0
1469,0.0
1471,0.0
1472,0.0
1474,0.0
1481,0.0
1487,0.0
1491,0.0
1495,0.0
1497,0.0
1504,0.0
1505,0.0
1508,0.0
1512,0.0
1523,0.0
1527,0.0
1529,0.0
1532,0.0
1533,0.0
1535,0.0
1538,0.0
1540,0.0
1548,0.0
1550,0.0
1551,0.0
1556,0.0
1557,0.0
1560,0.0
1561,0.0
1562,0.0
1568,0.0
1569,0.0
1576,0.0
1582,0.0
1586,0.0
1587,0.0
1588,0.0
1596,0.0
1598,0.0
1603,0.0
1604,0.0
1605,0.0
1608,0.0
1610,0.0
1613,0.0
1615,0.0
1619,0.0
1620,0.0
1623,0.0
1626,0.0
1632,0.0
1633,0.0
1634,0.0
1637,0.0
1639,0.0
1642,0.0
1644,0.0
1646,0.0
1653,0.0
1655,0.0
1657,0.0
1663,0.0
1671,0.0
1675,0.0
1678,0.0
1683,0.0
1690,0.0
1698,0.0
1700,0.0
1704,0.0
1705,0.0
1708,0.0
1711,0.0
1713,0.0
1716,0.0
1721,0.0
1723,0.0
1724,0.0
1725,0.0
1727,0.0
1729,0.0
1733,0.0
1734,0.0
1740,0.0
1744,0.0
1745,0.0
1747,0.0
1748,0.0
1750,0.0
1753,0.0
1763,0.0
1764,0.0
1765,0.0
1766,0.0
1768,0.0
1769,0.0
1770,0.0
1772,0.0
1773,0.0
1774,0.0
1779,0.0
1783,0.0
1786,0.0
1788,0.0
1790,0.0
1791,0.0
1792,0.0
1796,0.0
1798,0.0
1799,0.0
1800,0.0
1802,0.0
1805,0.0
1809,0.0
1811,0.0
1814,0.0
1817,0.0
1821,0.0
1822,0.0
1829,0.0
1831,0.0
1832,0.0
1833,0.0
1836,0.0
1837,0.0
1840,0.0
1843,0.0
1848,0.0
1850,0.0
1860,0.0
1862,0.0
1864,0.0
1866,0.0
1867,0.0
1870,0.0
1871,0.0
1872,0.0
1873,0.0
1875,0.0
1877,0.0
1878,0.0
1883,0.0
1893,0.0
1894,0.0
1897,0.0
1902,0.0
1908,0.0
1914,0.0
1917,0.0
1922,0.0
1923,0.0
1926,0.0
1932,0.0
1934,0.0
1937,0.0
1940,0.0
1943,0.0
1954,0.0
1957,0.0
1967,0.0
1973,0.0
1975,0.0
1976,0.0
1979,0.0
1982,0.0
1983,0.0
1984,0.0
1987,0.0
1989,0.0
1990,0.0
1991,0.0
1992,0.0
1993,0.0
1996,0.0
2003,0.0
2006,0.0
2007,0.0
2008,0.0
2014,0.0
2016,0.0
2018,0.0
2021,0.0
2030,0.0
2033,0.0
2036,0.0
2037,0.0
2039,0.0
2044,0.0
2046,0.0
2049,0.0
2052,0.0
2053,0.0
2057,0.0
2061,0.0
2063,0.0
2065,0.0
2067,0.0
2068,0.0
2069,0.0
2070,0.0
2088,0.0
2090,0.0
2094,0.0
2096,0.0
2098,0.0
2100,0.0
2101,0.0
2104,0.0
2108,0.0
2109,0.0
2112,0.0
2119,0.0
2124,0.0
2128,0.0
2129,0.0
2130,0.0
2131,0.0
2132,0.0
2135,0.0
2141,0.0
2147,0.0
2149,0.0
2157,0.0
2158,0.0
2159,0.0
2161,0.0
2164,0.0
2169,0.0
2174,0.0
2175,0.0
2177,0.0
2190,0.0
2191,0.0
2192,0.0
2196,0.0
2197,0.0
2198,0.0
2199,0.0
2206,0.0
2207,0.0
2209,0.0
2212,0.0
2216,0.0
2219,0.0
2220,0.0
2227,0.0
2228,0.0
2233,0.0
2234,0.0
2236,0.0
2238,0.0
2239,0.0
2240,0.0
2241,0.0
2244,0.0
2246,0.0
2252,0.0
2257,0.0
2263,0.0
2264,0.0
2275,0.0
2276,0.0
2277,0.0
2278,0.0
2280,0.0
2284,0.0
2285,0.0
2286,0.0
2288,0.0
2290,0.0
2293,0.0
2295,0.0
2296,0.0
2297,0.0
2300,0.0
2304,0.0
2305,0.0
2310,0.0
2311,0.0
2313,0.0
2320,0.0
2332,0.0
2334,0.0
2346,0.0
2350,0.0
2354,0.0
2356,0.0
2357,0.0
2358,0.0
2360,0.0
2362,0.0
2364,0.0
2366,0.0
2367,0.0
2370,0.0
2371,0.0
2380,0.0
2382,0.0
2385,0.0
2386,0.0
2389,0.0
2395,0.0
2398,0.0
2399,0.0
2405,0.0
2406,0.0
2416,0.0
2417,0.0
2426,0.0
2427,0.0
2433,0.0
2440,0.0
2441,0.0
2443,0.0
2446,0.0
2447,0.0
2448,0.0
2450,0.0
2455,0.0
2458,0.0
2459,0.0
2460,0.0
2462,0.0
2463,0.0
2465,0.0
2466,0.0
2471,0.0
2476,0.0
2479,0.0
2480,0.0
2483,0.0
2485,0.0
2489,0.0
2491,0.0
2496,0.0
2500,0.0
2502,0.0
2505,0.0
2506,0.0
2508,0.0
2514,0.0
2515,0.0
2516,0.0
2520,0.0
2523,0.0
2524,0.0
2526,0.0
2531,0.0
2532,0.0
2533,0.0
2535,0.0
2539,0.0
2546,0.0
2550,0.0
2551,0.0
2554,0.0
2556,0.0
2558,0.0
2564,0.0
2568,0.0
2571,0.0
2572,0.0
2574,0.0
2576,0.0
2577,0.0
2578,0.0
2582,0.0
2584,0.0
2586,0.0
2587,0.0
2588,0.0
2589,0.0
2591,0.0
2594,0.0
2595,0.0
2597,0.0
2598,0.0
2600,0.0
2601,0.0
2603,0.0
2617,0.0
2620,0.0
2621,0.0
2622,0.0
2628,0.0
2636,0.0
2642,0.0
2647,0.0
2653,0.0
2655,0.0
2660,0.0
2664,0.0
2665,0.0
2668,0.0
2672,0.0
2675,0.0
2676,0.0
2677,0.0
2679,0.0
2680,0.0
2682,0.0
2683,0.0
2684,0.0
2689,0.0
2690,0.0
2692,0.0
2694,0.0
2695,0.0
2697,0.0
2700,0.0
2702,0.0
2703,0.0
2704,0.0
2706,0.0
2709,0.0
2712,0.0
2713,0.0
2717,0.0
2719,0.0
2724,0.0
2725,0.0
2726,0.0
2727,0.0
2740,0.0
2741,0.0
2745,0.0
2746,0.0
2747,0.0
2748,0.0
2749,0.0
2751,0.0
2752,0.0
2753,0.0
2755,0.0
2757,0.0
2759,0.0
2761,0.0
2763,0.0
2764,0.0
2765,0.0
2766,0.0
2768,0.0
2769,0.0
2783,0.0
2786,0.0
2787,0.0
2789,0.0
2792,0.0
2804,0.0
2805,0.0
2807,0.0
2810,0.0
2812,0.0
2816,0.0
2818,0.0
2819,0.0
2820,0.0
2821,0.0
2824,0.0
2831,0.0
2844,0.0
2847,0.0
2848,0.0
2849,0.0
2853,0.0
2855,0.0
2856,0.0
2857,0.0
2858,0.0
2862,0.0
2865,0.0
2867,0.0
2878,0.0
2892,0.0
2894,0.0
2895,0.0
2903,0.0
2905,0.0
2907,0.0
2909,0.0
2915,0.0
2916,0.0
2918,0.0
2923,0.0
2924,0.0
2925,0.0
2926,0.0
2927,0.0
2934,0.0
2937,0.0
2939,0.0
2942,0.0
2945,0.0
2948,0.0
2951,0.0
2955,0.0
2957,0.0
2961,0.0
2965,0.0
2966,0.0
2968,0.0
2973,0.0
2974,0.0
2975,0.0
2979,0.0
2981,0.0
2982,0.0
2985,0.0
2987,0.0
2988,0.0
2991,0.0
2996,0.0
2997,0.0
3001,0.0
3007,0.0
3010,0.0
3012,0.0
3014,0.0
3019,0.0
3020,0.0
3021,0.0
3023,0.0
3024,0.0
3026,0.0
3028,0.0
3030,0.0
3031,0.0
3033,0.0
3039,0.0
3044,0.0
3050,0.0
3053,0.0
3055,0.0
3058,0.0
3065,0.0
3071,0.0
3073,0.0
3076,0.0
3084,0.0
3085,0.0
3087,0.0
3092,0.0
3098,0.0
3099,0.0
3102,0.0
3109,0.0
3112,0.0
3116,0.0
3117,0.0
3118,0.0
3121,0.0
3122,0.0
3124,0.0
3125,0.0
3126,0.0
3128,0.0
3129,0.0
3131,0.0
3132,0.0
3133,0.0
3142,0.0
3145,0.0
3149,0.0
3150,0.0
3152,0.0
3158,0.0
3161,0.0
3163,0.0
3167,0.0
3168,0.0
3169,0.0
3170,0.0
3171,0.0
3172,0.0
3175,0.0
3177,0.0
3178,0.0
3179,0.0
3180,0.0
3182,0.0
3202,0.0
3206,0.0
3207,0.0
3211,0.0
3216,0.0
3225,0.0
3226,0.0
3231,0.0
3233,0.0
3234,0.0
3236,0.0
3243,0.0
3249,0.0
3250,0.0
3254,0.0
3255,0.0
3261,0.0
3263,0.0
3264,0.0
3266,0.0
3269,0.0
3283,0.0
3284,0.0
3289,0.0
3292,0.0
3294,0.0
3303,0.0
3304,0.0
3305,0.0
3306,0.0
3310,0.0
3311,0.0
3316,0.0
3318,0.0
3319,0.0
3321,0.0
3329,0.0
3339,0.0
3340,0.0
3344,0.0
3346,0.0
3347,0.0
3352,0.0
3353,0.0
3355,0.0
3356,0.0
3357,0.0
3360,0.0
3361,0.0
3368,0.0
3370,0.0
3371,0.0
3374,0.0
3378,0.0
3380,0.0
3381,0.0
3384,0.0
3385,0.0
3388,0.0
3391,0.0
3393,0.0
3394,0.0
3396,0.0
3397,0.0
3404,0.0
3407,0.0
3408,0.0
3412,0.0
3414,0.0
3417,0.0
3418,0.0
3419,0.0
3420,0.0
3425,0.0
3426,0.0
3429,0.0
3435,0.0
3437,0.0
3439,0.0
3440,0.0
3442,0.0
3448,0.0
3449,0.0
3452,0.0
3454,0.0
3459,0.0
3465,0.0
3466,0.0
3467,0.0
3468,0.0
3469,0.0
3473,0.0
3475,0.0
3476,0.0
3477,0.0
3478,0.0
3484,0.0
3485,0.0
3488,0.0
3489,0.0
3496,0.0
3500,0.0
3502,0.0
3503,0.0
3507,0.0
3508,0.0
3509,0.0
3513,0.0
3514,0.0
3515,0.0
3521,0.0
3524,0.0
3535,0.0
3537,0.0
3547,0.0
3548,0.0
3549,0.0
3550,0.0
3551,0.0
3552,0.0
3553,0.0
3554,0.0
3555,0.0
3556,0.0
3561,0.0
3566,0.0
3570,0.0
3571,0.0
3572,0.0
3581,0.0
3586,0.0
3592,0.0
3594,0.0
3595,0.0
3598,0.0
3600,0.0
3601,0.0
3606,0.0
3608,0.0
3612,0.0
3623,0.0
3625,0.0
3626,0.0
3627,0.0
3628,0.0
3630,0.0
3632,0.0
3633,0.0
3635,0.0
3640,0.0
3642,0.0
3643,0.0
3646,0.0
3651,0.0
3653,0.0
3654,0.0
3655,0.0
3656,0.0
3662,0.0
3663,0.0
3666,0.0
3672,0.0
3675,0.0
3677,0.0
3678,0.0
3679,0.0
3683,0.0
3685,0.0
3686,0.0
3688,0.0
3689,0.0
3692,0.0
3694,0.0
3698,0.0
3701,0.0
3702,0.0
3703,0.0
3709,0.0
3710,0.0
3712,0.0
3713,0.0
3715,0.0
3717,0.0
3720,0.0
3723,0.0
3727,0.0
3728,0.0
3730,0.0
3731,0.0
3732,0.0
3733,0.0
3735,0.0
3736,0.0
3743,0.0
3744,0.0
3746,0.0
3751,0.0
3754,0.0
3758,0.0
3759,0.0
3761,0.0
3770,0.0
3772,0.0
3777,0.0
3779,0.0
3781,0.0
3783,0.0
3784,0.0
3785,0.0
3791,0.0
3794,0.0
3798,0.0
3802,0.0
3803,0.0
3809,0.0
3811,0.0
3814,0.0
3816,0.0
3819,0.0
3821,0.0
3823,0.0
3829,0.0
3830,0.0
3831,0.0
3834,0.0
3836,0.0
3838,0.0
3839,0.0
3840,0.0
3844,0.0
3847,0.0
3849,0.0
3850,0.0
3851,0.0
3855,0.0
3858,0.0
3861,0.0
3867,0.0
3871,0.0
3873,0.0
3875,0.0
3880,0.0
3884,0.0
3887,0.0
3897,0.0
3901,0.0
3907,0.0
3909,0.0
3910,0.0
3913,0.0
3914,0.0
3915,0.0
3920,0.0
3921,0.0
3922,0.0
3926,0.0
3928,0.0
3929,0.0
3935,0.0
3937,0.0
3938,0.0
3939,0.0
3941,0.0
3953,0.0
3957,0.0
3959,0.0
3964,0.0
3969,0.0
3971,0.0
3978,0.0
3979,0.0
3980,0.0
3989,0.0
3997,0.0
3998,0.0
4000,0.0
4005,0.0
4007,0.0
4008,0.0
4016,0.0
4017,0.0
4018,0.0
4019,0.0
4020,0.0
4027,0.0
4030,0.0
4032,0.0
4034,0.0
4036,0.0
4039,0.0
4045,0.0
4046,0.0
4049,0.0
4050,0.0
4051,0.0
4057,0.0
4059,0.0
4064,0.0
4066,0.0
4067,0.0
4069,0.0
4070,0.0
4073,0.0
4074,0.0
4083,0.0
4090,0.0
4093,0.0
4095,0.0
4097,0.0
4098,0.0
4102,0.0
4103,0.0
4107,0.0
4110,0.0
4114,0.0
4117,0.0
4118,0.0
4121,0.0
4122,0.0
4128,0.0
4133,0.0
4135,0.0
4137,0.0
4141,0.0
4143,0.0
4144,0.0
4148,0.0
4150,0.0
4151,0.0
4155,0.0
4158,0.0
4165,0.0
4174,0.0
4176,0.0
4178,0.0
4179,0.0
4181,0.0
4182,0.0
4183,0.0
4184,0.0
4189,0.0
4191,0.0
4195,0.0
4197,0.0
4198,0.0
4200,0.0
4206,0.0
4210,0.0
4216,0.0
4217,0.0
4220,0.0
4224,0.0
4225,0.0
4226,0.0
4230,0.0
4232,0.0
4234,0.0
4237,0.0
4239,0.0
4243,0.0
4244,0.0
4251,0.0
4254,0.0
4257,0.0
4258,0.0
4263,0.0
4264,0.0
4270,0.0
4271,0.0
4273,0.0
4277,0.0
4281,0.0
4284,0.0
4290,0.0
4291,0.0
4294,0.0
4299,0.0
4303,0.0
4308,0.0
4311,0.0
4315,0.0
4316,0.0
4318,0.0
4319,0.0
4321,0.0
4326,0.0
4328,0.0
4336,0.0
4338,0.0
4339,0.0
4340,0.0
4343,0.0
4350,0.0
4354,0.0
4355,0.0
4360,0.0
4361,0.0
4363,0.0
4365,0.0
4366,0.0
4371,0.0
4373,0.0
4374,0.0
4378,0.0
4379,0.0
4380,0.0
4381,0.0
4383,0.0
4386,0.0
4391,0.0
4393,0.0
4396,0.0
4400,0.0
4405,0.0
4406,0.0
4413,0.0
4414,0.0
4416,0.0
4421,0.0
4423,0.0
4426,0.0
4433,0.0
4438,0.0
4445,0.0
4447,0.0
4449,0.0
4451,0.0
4455,0.0
4457,0.0
4458,0.0
4460,0.0
4467,0.0
4473,0.0
4474,0.0
4477,0.0
4480,0.0
4482,0.0
4483,0.0
4487,0.0
4490,0.0
4491,0.0
4493,0.0
4498,0.0
4502,0.0
4510,0.0
4513,0.0
4514,0.0
4515,0.0
4516,0.0
4519,0.0
4523,0.0
4531,0.0
4552,0.0
4555,0.0
4558,0.0
4562,0.0
4567,0.0
4568,0.0
4570,0.0
4571,0.0
4573,0.0
4576,0.0
4577,0.0
4579,0.0
4582,0.0
4584,0.0
4585,0.0
4586,0.0
4588,0.0
4593,0.0
4595,0.0
4599,0.0
4600,0.0
4602,0.0
4607,0.0
4613,0.0
4619,0.0
4620,0.0
4621,0.0
4624,0.0
4626,0.0
4630,0.0
4635,0.0
4640,0.0
4642,0.0
4647,0.0
4650,0.0
4652,0.0
4656,0.0
4661,0.0
4662,0.0
4664,0.0
4666,0.0
4667,0.0
4671,0.0
4675,0.0
4677,0.0
4681,0.0
4684,0.0
4689,0.0
4692,0.0
4693,0.0
4697,0.0
4699,0.0
4704,0.0
4707,0.0
4710,0.0
4711,0.0
4712,0.0
4713,0.0
4716,0.0
4720,0.0
4723,0.0
4724,0.0
4729,0.0
4731,0.0
4736,0.0
4737,0.0
4739,0.0
4741,0.0
4743,0.0
4744,0.0
4749,0.0
4753,0.0
4759,0.0
4760,0.0
4761,0.0
4762,0.0
4766,0.0
4768,0.0
4771,0.0
4773,0.0
4775,0.0
4778,0.0
4780,0.0
4781,0.0
4786,0.0
4787,0.0
4788,0.0
4799,0.0
4800,0.0
4802,0.0
4803,0.0
4805,0.0
4806,0.0
4807,0.0
4809,0.0
4813,0.0
4815,0.0
4826,0.0
4827,0.0
4830,0.0
4832,0.0
4834,0.0
4835,0.0
4836,0.0
4837,0.0
4838,0.0
4844,0.0
4845,0.0
4846,0.0
4853,0.0
4854,0.0
4868,0.0
4872,0.0
4874,0.0
4875,0.0
4876,0.0
4878,0.0
4879,0.0
4880,0.0
4885,0.0
4891,0.0
4893,0.0
4896,0.0
4897,0.0
4899,0.0
4900,0.0
4904,0.0
4915,0.0
4916,0.0
4919,0.0
4923,0.0
4926,0.0
4929,0.0
4930,0.0
4931,0.0
4938,0.0
4941,0.0
4943,0.0
4947,0.0
4948,0.0
4949,0.0
4950,0.0
4951,0.0
4953,0.0
4958,0.0
4962,0.0
4963,0.0
4964,0.0
4965,0.0
4971,0.0
4973,0.0
4974,0.0
4976,0.0
4977,0.0
4979,0.0
4980,0.0
4981,0.0
4982,0.0
4986,0.0
4990,0.0
4991,0.0
4992,0.0
4998,0.0
5001,0.0
5003,0.0
5008,0.0
5009,0.0
5010,0.0
5012,0.0
5014,0.0
5021,0.0
5024,0.0
5025,0.0
5032,0.0
5035,0.0
5036,0.0
5037,0.0
5039,0.0
5041,0.0
5043,0.0
5051,0.0
5055,0.0
5058,0.0
5061,0.0
5063,0.0
5064,0.0
5066,0.0
5068,0.0
5070,0.0
5071,0.0
5072,0.0
5074,0.0
5075,0.0
5079,0.0
5081,0.0
5083,0.0
5084,0.0
5085,0.0
5087,0.0
5088,0.0
5091,0.0
5094,0.0
5096,0.0
5097,0.0
5099,0.0
5103,0.0
5104,0.0
5105,0.0
5107,0.0
5112,0.0
5114,0.0
5115,0.0
5120,0.0
5122,0.0
5126,0.0
5130,0.0
5135,0.0
5139,0.0
5144,0.0
5145,0.0
5146,0.0
5147,0.0
5149,0.0
5150,0.0
5151,0.0
5153,0.0
5157,0.0
5162,0.0
5167,0.0
5175,0.0
5182,0.0
5183,0.0
5184,0.0
5189,0.0
5190,0.0
5191,0.0
5194,0.0
5195,0.0
5197,0.0
5198,0.0
5204,0.0
5207,0.0
5212,0.0
5215,0.0
5216,0.0
5218,0.0
5219,0.0
5220,0.0
5222,0.0
5226,0.0
5230,0.0
5231,0.0
5233,0.0
5234,0.0
5235,0.0
5242,0.0
5243,0.0
5244,0.0
5245,0.0
5247,0.0
5248,0.0
5250,0.0
5251,0.0
5257,0.0
5258,0.0
5260,0.0
5261,0.0
5270,0.0
5272,0.0
5277,0.0
5279,0.0
5282,0.0
5284,0.0
5305,0.0
5307,0.0
5310,0.0
5312,0.0
5320,0.0
5323,0.0
5324,0.0
5326,0.0
5327,0.0
5333,0.0
5341,0.0
5345,0.0
5349,0.0
5354,0.0
5357,0.0
5361,0.0
5362,0.0
5363,0.0
5369,0.0
5371,0.0
5377,0.0
5380,0.0
5381,0.0
5382,0.0
5388,0.0
5391,0.0
5392,0.0
5394,0.0
5402,0.0
5409,0.0
5424,0.0
5427,0.0
5429,0.0
5431,0.0
5434,0.0
5435,0.0
5436,0.0
5438,0.0
5441,0.0
5445,0.0
5451,0.0
5455,0.0
5457,0.0
5459,0.0
5463,0.0
5468,0.0
5470,0.0
5471,0.0
5476,0.0
5483,0.0
5484,0.0
5485,0.0
5490,0.0
5491,0.0
5492,0.0
5496,0.0
5503,0.0
5505,0.0
5507,0.0
5510,0.0
5513,0.0
5515,0.0
5517,0.0
5520,0.0
5522,0.0
5523,0.0
5524,0.0
5530,0.0
5531,0.0
5532,0.0
5534,0.0
5538,0.0
5539,0.0
5543,0.0
5544,0.0
5545,0.0
5547,0.0
5548,0.0
5550,0.0
5551,0.0
5552,0.0
5554,0.0
5556,0.0
5564,0.0
5565,0.0
5567,0.0
5569,0.0
5570,0.0
5572,0.0
5573,0.0
5577,0.0
5579,0.0
5584,0.0
5586,0.0
5590,0.0
5615,0.0
5616,0.0
5617,0.0
5618,0.0
5619,0.0
5622,0.0
5623,0.0
5624,0.0
5628,0.0
5630,0.0
5631,0.0
5635,0.0
5637,0.0
5641,0.0
5642,0.0
5650,0.0
5654,0.0
5655,0.0
5656,0.0
5657,0.0
5658,0.0
5669,0.0
5674,0.0
5675,0.0
5676,0.0
5683,0.0
5687,0.0
5691,0.0
5696,0.0
5706,0.0
5707,0.0
5709,0.0
5710,0.0
5713,0.0
5719,0.0
5721,0.0
5726,0.0
5727,0.0
5728,0.0
5730,0.0
5732,0.0
5734,0.0
5737,0.0
5738,0.0
5739,0.0
5742,0.0
5748,0.0
5749,0.0
5750,0.0
5758,0.0
5761,0.0
5763,0.0
5766,0.0
5771,0.0
5773,0.0
5775,0.0
5778,0.0
5780,0.0
5783,0.0
5784,0.0
5786,0.0
5790,0.0
5795,0.0
5796,0.0
5801,0.0
5802,0.0
5803,0.0
5805,0.0
5806,0.0
5807,0.0
5809,0.0
5810,0.0
5812,0.0
5813,0.0
5814,0.0
5816,0.0
5817,0.0
5819,0.0
5823,0.0
5826,0.0
5832,0.0
5834,0.0
5836,0.0
5838,0.0
5841,0.0
5846,0.0
5847,0.0
5849,0.0
5854,0.0
5863,0.0
5864,0.0
5865,0.0
5867,0.0
5872,0.0
5877,0.0
5881,0.0
5883,0.0
5886,0.0
5887,0.0
5891,0.0
5895,0.0
5897,0.0
5900,0.0
5902,0.0
5910,0.0
5911,0.0
5916,0.0
5917,0.0
5919,0.0
5921,0.0
5924,0.0
5929,0.0
5930,0.0
5931,0.0
5933,0.0
5936,0.0
5939,0.0
5940,0.0
5941,0.0
5943,0.0
5944,0.0
5945,0.0
5951,0.0
5952,0.0
5953,0.0
5956,0.0
5958,0.0
5959,0.0
5961,0.0
5964,0.0
5965,0.0
5969,0.0
5970,0.0
5975,0.0
5976,0.0
5983,0.0
5984,0.0
5987,0.0
5989,0.0
5990,0.0
5994,0.0
6000,0.0
6001,0.0
6009,0.0
6010,0.0
6011,0.0
6014,0.0
6015,0.0
6018,0.0
6020,0.0
6025,0.0
6026,0.0
6027,0.0
6037,0.0
6041,0.0
6042,0.0
6044,0.0
6047,0.0
6064,0.0
6065,0.0
6066,0.0
6067,0.0
6068,0.0
6069,0.0
6074,0.0
6076,0.0
6094,0.0
6097,0.0
6100,0.0
6101,0.0
6103,0.0
6105,0.0
6108,0.0
6110,0.0
6113,0.0
6116,0.0
6118,0.0
6119,0.0
6120,0.0
6129,0.0
6132,0.0
6135,0.0
6136,0.0
6138,0.0
6140,0.0
6147,0.0
6149,0.0
6151,0.0
6152,0.0
6154,0.0
6155,0.0
6156,0.0
6160,0.0
6167,0.0
6169,0.0
6170,0.0
6172,0.0
6173,0.0
6180,0.0
6181,0.0
6191,0.0
6195,0.0
6197,0.0
6199,0.0
6201,0.0
6204,0.0
6207,0.0
6208,0.0
6217,0.0
6218,0.0
6222,0.0
6224,0.0
6229,0.0
6231,0.0
6234,0.0
6237,0.0
6239,0.0
6240,0.0
6242,0.0
6243,0.0
6244,0.0
6251,0.0
6262,0.0
6263,0.0
6264,0.0
6267,0.0
6269,0.0
6271,0.0
6272,0.0
6273,0.0
6274,0.0
6278,0.0
6281,0.0
6284,0.0
6286,0.0
6287,0.0
6289,0.0
6296,0.0
6297,0.0
6299,0.0
6301,0.0
6303,0.0
6304,0.0
6306,0.0
6308,0.0
6316,0.0
6317,0.0
6320,0.0
6321,0.0
6326,0.0
6327,0.0
6328,0.0
6332,0.0
6333,0.0
6334,0.0
6336,0.0
6337,0.0
6338,0.0
6339,0.0
6340,0.0
6343,0.0
6344,0.0
6349,0.0
6351,0.0
6353,0.0
6354,0.0
6355,0.0
6357,0.0
6359,0.0
6364,0.0
6368,0.0
6378,0.0
6379,0.0
6380,0.0
6383,0.0
6389,0.0
6392,0.0
6397,0.0
6400,0.0
6401,0.0
6402,0.0
6403,0.0
6412,0.0
6418,0.0
6419,0.0
6421,0.0
6426,0.0
6430,0.0
6436,0.0
6437,0.0
6441,0.0
6445,0.0
6447,0.0
6453,0.0
6464,0.0
6465,0.0
6471,0.0
6474,0.0
6475,0.0
6478,0.0
6480,0.0
6484,0.0
6485,0.0
6487,0.0
6490,0.0
6500,0.0
6501,0.0
6503,0.0
6506,0.0
6510,0.0
6514,0.0
6516,0.0
6520,0.0
6522,0.0
6523,0.0
6525,0.0
6527,0.0
6529,0.0
6535,0.0
6542,0.0
6548,0.0
6557,0.0
6558,0.0
6560,0.0
6563,0.0
6565,0.0
6566,0.0
6571,0.0
6572,0.0
6573,0.0
6576,0.0
6577,0.0
6578,0.0
6580,0.0
6583,0.0
6587,0.0
6588,0.0
6591,0.0
6593,0.0
6596,0.0
6608,0.0
6610,0.0
6614,0.0
6618,0.0
6623,0.0
6624,0.0
6626,0.0
6632,0.0
6644,0.0
6645,0.0
6649,0.0
6650,0.0
6657,0.0
6663,0.0
6665,0.0
6667,0.0
6668,0.0
6670,0.0
6672,0.0
6674,0.0
6676,0.0
6686,0.0
6688,0.0
6694,0.0
6696,0.0
6697,0.0
6704,0.0
6709,0.0
6712,0.0
6713,0.0
6715,0.0
6716,0.0
6717,0.0
6727,0.0
6728,0.0
6729,0.0
6730,0.0
6731,0.0
6734,0.0
6739,0.0
6740,0.0
6742,0.0
6744,0.0
6750,0.0
6752,0.0
6755,0.0
6756,0.0
6757,0.0
6762,0.0
6764,0.0
6766,0.0
6769,0.0
6770,0.0
6771,0.0
6779,0.0
6780,0.0
6781,0.0
6793,0.0
6797,0.0
6798,0.0
6802,0.0
6805,0.0
6808,0.0
6810,0.0
6815,0.0
6816,0.0
6819,0.0
6823,0.0
6829,0.0
6833,0.0
6834,0.0
6837,0.0
6848,0.0
6850,0.0
6851,0.0
6853,0.0
6854,0.0
6855,0.0
6856,0.0
6859,0.0
6860,0.0
6864,0.0
6873,0.0
6874,0.0
6879,0.0
6881,0.0
6884,0.0
6887,0.0
6888,0.0
6891,0.0
6894,0.0
6897,0.0
6898,0.0
6902,0.0
6903,0.0
6909,0.0
6910,0.0
6911,0.0
6914,0.0
6915,0.0
6923,0.0
6924,0.0
6926,0.0
6927,0.0
6929,0.0
6934,0.0
6937,0.0
6941,0.0
6943,0.0
6944,0.0
6948,0.0
6951,0.0
6952,0.0
6963,0.0
6964,0.0
6966,0.0
6967,0.0
6968,0.0
6975,0.0
6977,0.0
6979,0.0
6980,0.0
6982,0.0
6985,0.0
6987,0.0
6991,0.0
6995,0.0
6998,0.0
7007,0.0
7010,0.0
7012,0.0
7013,0.0
7014,0.0
7018,0.0
7020,0.0
7028,0.0
7029,0.0
7033,0.0
7036,0.0
7049,0.0
7052,0.0
7056,0.0
7059,0.0
7064,0.0
7067,0.0
7069,0.0
7070,0.0
7073,0.0
7078,0.0
7081,0.0
7083,0.0
7087,0.0
7090,0.0
7091,0.0
7093,0.0
7095,0.0
7099,0.0
7100,0.0
7102,0.0
7105,0.0
7106,0.0
7107,0.0
7115,0.0
7116,0.0
7117,0.0
7120,0.0
7130,0.0
7131,0.0
7134,0.0
7135,0.0
7141,0.0
7151,0.0
7152,0.0
7154,0.0
7155,0.0
7156,0.0
7161,0.0
7164,0.0
7165,0.0
7166,0.0
7169,0.0
7176,0.0
7179,0.0
7183,0.0
7190,0.0
7194,0.0
7196,0.0
7198,0.0
7199,0.0
7200,0.0
7201,0.0
7205,0.0
7207,0.0
7208,0.0
7219,0.0
7227,0.0
7229,0.0
7231,0.0
7233,0.0
7236,0.0
7238,0.0
7241,0.0
7242,0.0
7243,0.0
7244,0.0
7245,0.0
7248,0.0
7252,0.0
7253,0.0
7254,0.0
7256,0.0
7257,0.0
7261,0.0
7265,0.0
7267,0.0
7270,0.0
7272,0.0
7275,0.0
7277,0.0
7278,0.0
7281,0.0
7284,0.0
7285,0.0
7288,0.0
7289,0.0
7294,0.0
7295,0.0
7307,0.0
7310,0.0
7314,0.0
7316,0.0
7317,0.0
7321,0.0
7322,0.0
7328,0.0
7331,0.0
7334,0.0
7340,0.0
7341,0.0
7342,0.0
7345,0.0
7352,0.0
7358,0.0
7360,0.0
7363,0.0
7367,0.0
7368,0.0
7369,0.0
7372,0.0
7373,0.0
7376,0.0
7380,0.0
7384,0.0
7387,0.0
7389,0.0
7390,0.0
7396,0.0
7400,0.0
7401,0.0
7402,0.0
7407,0.0
7408,0.0
7409,0.0
7418,0.0
7421,0.0
7427,0.0
7432,0.0
7433,0.0
7434,0.0
7435,0.0
7436,0.0
7442,0.0
7444,0.0
7445,0.0
7446,0.0
7449,0.0
7454,0.0
7456,0.0
7458,0.0
7461,0.0
7466,0.0
7467,0.0
7469,0.0
7470,0.0
7472,0.0
7473,0.0
7475,0.0
7476,0.0
7486,0.0
7487,0.0
7489,0.0
7490,0.0
7494,0.0
7497,0.0
7498,0.0
7506,0.0
7507,0.0
7512,0.0
7521,0.0
7522,0.0
7527,0.0
7528,0.0
7530,0.0
7532,0.0
7549,0.0
7558,0.0
7560,0.0
7568,0.0
7571,0.0
7573,0.0
7577,0.0
7579,0.0
7580,0.0
7581,0.0
7583,0.0
7589,0.0
7591,0.0
7595,0.0
7602,0.0
7604,0.0
7613,0.0
7617,0.0
7619,0.0
7620,0.0
7622,0.0
7625,0.0
7627,0.0
7629,0.0
7630,0.0
7634,0.0
7638,0.0
7640,0.0
7641,0.0
7647,0.0
7648,0.0
7651,0.0
7655,0.0
7656,0.0
7658,0.0
7660,0.0
7666,0.0
7668,0.0
7672,0.0
7674,0.0
7677,0.0
7680,0.0
7686,0.0
7687,0.0
7690,0.0
7691,0.0
7693,0.0
7694,0.0
7700,0.0
7705,0.0
7706,0.0
7708,0.0
7709,0.0
7712,0.0
7714,0.0
7718,0.0
7721,0.0
7722,0.0
7723,0.0
7727,0.0
7729,0.0
7736,0.0
7739,0.0
7742,0.0
7743,0.0
7745,0.0
7747,0.0
7748,0.0
7749,0.0
7752,0.0
7753,0.0
7757,0.0
7759,0.0
7760,0.0
7762,0.0
7764,0.0
7765,0.0
7769,0.0
7775,0.0
7776,0.0
7777,0.0
7781,0.0
7783,0.0
7785,0.0
7790,0.0
7791,0.0
7793,0.0
7798,0.0
7801,0.0
7807,0.0
7808,0.0
7809,0.0
7812,0.0
7818,0.0
7820,0.0
7822,0.0
7824,0.0
7825,0.0
7827,0.0
7834,0.0
7835,0.0
7836,0.0
7838,0.0
7839,0.0
7841,0.0
7843,0.0
7845,0.0
7846,0.0
7848,0.0
7856,0.0
7860,0.0
7862,0.0
7866,0.0
7868,0.0
7869,0.0
7870,0.0
7881,0.0
7882,0.0
7886,0.0
7887,0.0
7888,0.0
7893,0.0
7896,0.0
7898,0.0
7899,0.0
7901,0.0
7906,0.0
7907,0.0
7908,0.0
7912,0.0
7913,0.0
7917,0.0
7921,0.0
7923,0.0
7924,0.0
7926,0.0
7935,0.0
7937,0.0
7941,0.0
7943,0.0
7944,0.0
7948,0.0
7951,0.0
7953,0.0
7956,0.0
7957,0.0
7959,0.0
7960,0.0
7965,0.0
7966,0.0
7967,0.0
7969,0.0
7970,0.0
7974,0.0
7975,0.0
7976,0.0
7980,0.0
7981,0.0
7982,0.0
7983,0.0
7994,0.0
7995,0.0
7997,0.0
7999,0.0
8000,0.0
8001,0.0
8007,0.0
8008,0.0
8010,0.0
8014,0.0
8015,0.0
8016,0.0
8019,0.0
8024,0.0
8028,0.0
8030,0.0
8031,0.0
8032,0.0
8037,0.0
8042,0.0
8043,0.0
8044,0.0
8046,0.0
8048,0.0
8050,0.0
8053,0.0
8056,0.0
8057,0.0
8060,0.0
8064,0.0
8067,0.0
8068,0.0
8069,0.0
8076,0.0
8088,0.0
8090,0.0
8092,0.0
8097,0.0
8099,0.0
8102,0.0
8103,0.0
8113,0.0
8118,0.0
8121,0.0
8123,0.0
8125,0.0
8136,0.0
8142,0.0
8144,0.0
8146,0.0
8147,0.0
8152,0.0
8155,0.0
8156,0.0
8159,0.0
8166,0.0
8169,0.0
8170,0.0
8171,0.0
8178,0.0
8183,0.0
8188,0.0
8190,0.0
8193,0.0
8197,0.0
8199,0.0
8201,0.0
8202,0.0
8204,0.0
8206,0.0
8207,0.0
8208,0.0
8213,0.0
8222,0.0
8226,0.0
8228,0.0
8230,0.0
8232,0.0
8238,0.0
8239,0.0
8240,0.0
8242,0.0
8243,0.0
8244,0.0
8246,0.0
8250,0.0
8251,0.0
8255,0.0
8256,0.0
8260,0.0
8261,0.0
8263,0.0
8270,0.0
8271,0.0
8272,0.0
8276,0.0
8279,0.0
8281,0.0
8283,0.0
8288,0.0
8290,0.0
8296,0.0
8297,0.0
8299,0.0
8300,0.0
8302,0.0
8309,0.0
8312,0.0
8316,0.0
8320,0.0
8322,0.0
8325,0.0
8327,0.0
8330,0.0
8332,0.0
8334,0.0
8335,0.0
8336,0.0
8338,0.0
8346,0.0
8349,0.0
8350,0.0
8351,0.0
8355,0.0
8366,0.0
8367,0.0
8368,0.0
8374,0.0
8375,0.0
8392,0.0
8398,0.0
8399,0.0
8402,0.0
8404,0.0
8405,0.0
8409,0.0
8411,0.0
8416,0.0
8417,0.0
8427,0.0
8429,0.0
8431,0.0
8432,0.0
8433,0.0
8435,0.0
8438,0.0
8440,0.0
8441,0.0
8443,0.0
8457,0.0
8464,0.0
8468,0.0
8470,0.0
8471,0.0
8476,0.0
8486,0.0
8490,0.0
8491,0.0
8493,0.0
8496,0.0
8498,0.0
8501,0.0
8504,0.0
8508,0.0
8510,0.0
8511,0.0
8514,0.0
8518,0.0
8519,0.0
8523,0.0
8525,0.0
8533,0.0
8535,0.0
8538,0.0
8540,0.0
8543,0.0
8547,0.0
8548,0.0
8550,0.0
8552,0.0
8553,0.0
8554,0.0
8556,0.0
8557,0.0
8564,0.0
8568,0.0
8570,0.0
8572,0.0
8576,0.0
8584,0.0
8589,0.0
8599,0.0
8603,0.0
8604,0.0
8608,0.0
8612,0.0
8614,0.0
8617,0.0
8621,0.0
8622,0.0
8624,0.0
8625,0.0
8631,0.0
8633,0.0
8637,0.0
8640,0.0
8647,0.0
8656,0.0
8657,0.0
8659,0.0
8662,0.0
8664,0.0
8667,0.0
8679,0.0
8680,0.0
8690,0.0
8691,0.0
8692,0.0
8696,0.0
8701,0.0
8704,0.0
8705,0.0
8709,0.0
8713,0.0
8714,0.0
8715,0.0
8718,0.0
8719,0.0
8723,0.0
8731,0.0
8733,0.0
8737,0.0
8738,0.0
8739,0.0
8740,0.0
8745,0.0
8748,0.0
8753,0.0
8756,0.0
8757,0.0
8762,0.0
8763,0.0
8765,0.0
8767,0.0
8768,0.0
8772,0.0
8775,0.0
8793,0.0
8795,0.0
8796,0.0
8797,0.0
8805,0.0
8808,0.0
8809,0.0
8814,0.0
8818,0.0
8822,0.0
8824,0.0
8829,0.0
8831,0.0
8833,0.0
8835,0.0
8840,0.0
8842,0.0
8845,0.0
8852,0.0
8853,0.0
8855,0.0
8857,0.0
8858,0.0
8859,0.0
8867,0.0
8868,0.0
8872,0.0
8873,0.0
8875,0.0
8877,0.0
8880,0.0
8883,0.0
8885,0.0
8887,0.0
8888,0.0
8889,0.0
8891,0.0
8892,0.0
8893,0.0
8896,0.0
8904,0.0
8905,0.0
8908,0.0
8909,0.0
8910,0.0
8912,0.0
8916,0.0
8918,0.0
8919,0.0
8928,0.0
8929,0.0
8930,0.0
8934,0.0
8935,0.0
8938,0.0
8940,0.0
8941,0.0
8942,0.0
8944,0.0
8948,0.0
8950,0.0
8955,0.0
8956,0.0
8957,0.0
8964,0.0
8966,0.0
8976,0.0
8977,0.0
8980,0.0
8981,0.0
8982,0.0
8983,0.0
8985,0.0
8988,0.0
8999,0.0
9002,0.0
9003,0.0
9004,0.0
9005,0.0
9007,0.0
9010,0.0
9016,0.0
9019,0.0
9020,0.0
9022,0.0
9023,0.0
9026,0.0
9030,0.0
9033,0.0
9036,0.0
9037,0.0
9042,0.0
9045,0.0
9051,0.0
9052,0.0
9053,0.0
9058,0.0
9063,0.0
9072,0.0
9074,0.0
9075,0.0
9076,0.0
9077,0.0
9080,0.0
9081,0.0
9087,0.0
9089,0.0
9090,0.0
9096,0.0
9099,0.0
9100,0.0
9101,0.0
9104,0.0
9106,0.0
9107,0.0
9113,0.0
9115,0.0
9121,0.0
9122,0.0
9129,0.0
9130,0.0
9131,0.0
9137,0.0
9141,0.0
9142,0.0
9143,0.0
9148,0.0
9149,0.0
9152,0.0
9158,0.0
9166,0.0
9169,0.0
9170,0.0
9171,0.0
9175,0.0
9177,0.0
9186,0.0
9189,0.0
9191,0.0
9196,0.0
9198,0.0
9202,0.0
9206,0.0
9208,0.0
9209,0.0
9214,0.0
9217,0.0
9218,0.0
9222,0.0
9226,0.0
9228,0.0
9234,0.0
9236,0.0
9241,0.0
9246,0.0
9248,0.0
9250,0.0
9252,0.0
9256,0.0
9259,0.0
9262,0.0
9263,0.0
9271,0.0
9272,0.0
9278,0.0
9282,0.0
9283,0.0
9285,0.0
9290,0.0
9291,0.0
9294,0.0
9297,0.0
9299,0.0
9300,0.0
9307,0.0
9308,0.0
9310,0.0
9312,0.0
9316,0.0
9318,0.0
9320,0.0
9321,0.0
9323,0.0
9324,0.0
9331,0.0
9341,0.0
9348,0.0
9352,0.0
9358,0.0
9360,0.0
9362,0.0
9365,0.0
9374,0.0
9375,0.0
9377,0.0
9385,0.0
9388,0.0
9391,0.0
9392,0.0
9394,0.0
9398,0.0
9400,0.0
9414,0.0
9417,0.0
9419,0.0
9423,0.0
9427,0.0
9428,0.0
9429,0.0
9432,0.0
9434,0.0
9435,0.0
9437,0.0
9441,0.0
9443,0.0
9445,0.0
9446,0.0
9449,0.0
9451,0.0
9452,0.0
9456,0.0
9460,0.0
9463,0.0
9466,0.0
9467,0.0
9468,0.0
9470,0.0
9475,0.0
9483,0.0
9484,0.0
9485,0.0
9486,0.0
9489,0.0
9492,0.0
9495,0.0
9496,0.0
9498,0.0
9503,0.0
9505,0.0
9510,0.0
9511,0.0
9514,0.0
9516,0.0
9517,0.0
9520,0.0
9523,0.0
9532,0.0
9533,0.0
9534,0.0
9539,0.0
9540,0.0
9543,0.0
9547,0.0
9554,0.0
9561,0.0
9562,0.0
9563,0.0
9567,0.0
9573,0.0
9574,0.0
9579,0.0
9580,0.0
9582,0.0
9583,0.0
9584,0.0
9589,0.0
9592,0.0
9596,0.0
9602,0.0
9605,0.0
9606,0.0
9607,0.0
9608,0.0
9610,0.0
9612,0.0
9616,0.0
9623,0.0
9627,0.0
9633,0.0
9637,0.0
9640,0.0
9641,0.0
9643,0.0
9646,0.0
9648,0.0
9649,0.0
9650,0.0
9660,0.0
9664,0.0
9669,0.0
9671,0.0
9673,0.0
9676,0.0
9677,0.0
9678,0.0
9680,0.0
9685,0.0
9686,0.0
9690,0.0
9696,0.0
9701,0.0
9706,0.0
9708,0.0
9709,0.0
9711,0.0
9712,0.0
9716,0.0
9719,0.0
9720,0.0
9727,0.0
9731,0.0
9733,0.0
9735,0.0
9740,0.0
9741,0.0
9742,0.0
9745,0.0
9748,0.0
9749,0.0
9753,0.0
9755,0.0
9759,0.0
9762,0.0
9766,0.0
9769,0.0
9770,0.0
9771,0.0
9772,0.0
9774,0.0
9776,0.0
9780,0.0
9783,0.0
9790,0.0
9794,0.0
9795,0.0
9798,0.0
9805,0.0
9812,0.0
9816,0.0
9818,0.0
9819,0.0
9822,0.0
9823,0.0
9824,0.0
9828,0.0
9829,0.0
9831,0.0
9832,0.0
9839,0.0
9842,0.0
9843,0.0
9845,0.0
9847,0.0
9848,0.0
9857,0.0
9859,0.0
9860,0.0
9862,0.0
9863,0.0
9868,0.0
9870,0.0
9873,0.0
9874,0.0
9878,0.0
9881,0.0
9890,0.0
9898,0.0
9903,0.0
9905,0.0
9915,0.0
9916,0.0
9917,0.0
9921,0.0
9923,0.0
9924,0.0
9925,0.0
9927,0.0
9929,0.0
9933,0.0
9935,0.0
9936,0.0
9941,0.0
9943,0.0
9956,0.0
9957,0.0
9961,0.0
9965,0.0
9967,0.0
9973,0.0
9974,0.0
9981,0.0
9982,0.0
9984,0.0
9985,0.0
9986,0.0
9992,0.0
9993,0.0
9999,0.0
10001,0.0
10002,0.0
10003,0.0
10006,0.0
10011,0.0
10014,0.0
10016,0.0
10018,0.0
10024,0.0
10025,0.0
10027,0.0
10028,0.0
10029,0.0
10031,0.0
10034,0.0
10039,0.0
10047,0.0
10048,0.0
10052,0.0
10056,0.0
10057,0.0
10061,0.0
10063,0.0
10064,0.0
10065,0.0
10066,0.0
10068,0.0
10069,0.0
10074,0.0
10082,0.0
10084,0.0
10085,0.0
10093,0.0
10096,0.0
10098,0.0
10107,0.0
10112,0.0
10113,0.0
10118,0.0
10119,0.0
10122,0.0
10125,0.0
10126,0.0
10132,0.0
10139,0.0
10140,0.0
10141,0.0
10144,0.0
10148,0.0
10153,0.0
10155,0.0
10156,0.0
10165,0.0
10168,0.0
10169,0.0
10170,0.0
10171,0.0
10172,0.0
10173,0.0
10182,0.0
10183,0.0
10187,0.0
10190,0.0
10193,0.0
10198,0.0
10206,0.0
10208,0.0
10212,0.0
10213,0.0
10214,0.0
10217,0.0
10220,0.0
10222,0.0
10225,0.0
10226,0.0
10229,0.0
10230,0.0
10232,0.0
10240,0.0
10244,0.0
10245,0.0
10247,0.0
10249,0.0
10251,0.0
10253,0.0
10256,0.0
10258,0.0
10261,0.0
10262,0.0
10265,0.0
10266,0.0
10273,0.0
10280,0.0
10281,0.0
10290,0.0
10297,0.0
10299,0.0
10302,0.0
10307,0.0
10310,0.0
10318,0.0
10319,0.0
10320,0.0
10321,0.0
10322,0.0
10329,0.0
10333,0.0
10340,0.0
10342,0.0
10345,0.0
10346,0.0
10347,0.0
10353,0.0
10354,0.0
10357,0.0
10362,0.0
10364,0.0
10372,0.0
10378,0.0
10380,0.0
10382,0.0
10384,0.0
10386,0.0
10389,0.0
10391,0.0
10397,0.0
10398,0.0
10400,0.0
10402,0.0
10409,0.0
10410,0.0
10411,0.0
10412,0.0
10417,0.0
10423,0.0
10424,0.0
10425,0.0
10428,0.0
10429,0.0
10430,0.0
10431,0.0
10432,0.0
10434,0.0
10440,0.0
10442,0.0
10444,0.0
10445,0.0
10448,0.0
10451,0.0
10454,0.0
10456,0.0
10458,0.0
10460,0.0
10461,0.0
10465,0.0
10467,0.0
10470,0.0
10472,0.0
10473,0.0
10475,0.0
10476,0.0
10478,0.0
10486,0.0
10487,0.0
10488,0.0
10498,0.0
10503,0.0
10504,0.0
10506,0.0
10508,0.0
10511,0.0
10520,0.0
10521,0.0
10523,0.0
10524,0.0
10526,0.0
10527,0.0
10528,0.0
10532,0.0
10533,0.0
10534,0.0
10535,0.0
10539,0.0
10540,0.0
10541,0.0
10542,0.0
10543,0.0
10545,0.0
10546,0.0
10550,0.0
10553,0.0
10554,0.0
10568,0.0
10570,0.0
10571,0.0
10574,0.0
10578,0.0
10586,0.0
10587,0.0
10591,0.0
10593,0.0
10603,0.0
10605,0.0
10607,0.0
10608,0.0
10613,0.0
10614,0.0
10615,0.0
10619,0.0
10621,0.0
10623,0.0
10625,0.0
10630,0.0
10636,0.0
10642,0.0
10646,0.0
10647,0.0
10648,0.0
10649,0.0
10652,0.0
10655,0.0
10656,0.0
10662,0.0
10663,0.0
10666,0.0
10668,0.0
10669,0.0
10670,0.0
10677,0.0
10680,0.0
10682,0.0
10685,0.0
10691,0.0
10692,0.0
10693,0.0
10696,0.0
10701,0.0
10704,0.0
10712,0.0
10713,0.0
10721,0.0
10728,0.0
10731,0.0
10733,0.0
10743,0.0
10744,0.0
10747,0.0
10748,0.0
10750,0.0
10754,0.0
10756,0.0
10758,0.0
10762,0.0
10764,0.0
10766,0.0
10773,0.0
10775,0.0
10780,0.0
10781,0.0
10782,0.0
10784,0.0
10786,0.0
10790,0.0
10792,0.0
10794,0.0
10800,0.0
10806,0.0
10808,0.0
10810,0.0
10815,0.0
10820,0.0
10824,0.0
10825,0.0
10827,0.0
10830,0.0
10832,0.0
10834,0.0
10838,0.0
10839,0.0
10843,0.0
10844,0.0
10846,0.0
10850,0.0
10853,0.0
10860,0.0
10863,0.0
10866,0.0
10868,0.0
10873,0.0
10875,0.0
10878,0.0
10883,0.0
10885,0.0
10886,0.0
10889,0.0
10891,0.0
10892,0.0
10893,0.0
10894,0.0
10900,0.0
10906,0.0
10908,0.0
10912,0.0
10918,0.0
10920,0.0
10921,0.0
10927,0.0
10930,0.0
10934,0.0
10938,0.0
10939,0.0
10943,0.0
10951,0.0
10954,0.0
10959,0.0
10961,0.0
10965,0.0
10969,0.0
10970,0.0
10972,0.0
10974,0.0
10975,0.0
10979,0.0
10982,0.0
10991,0.0
10993,0.0
10996,0.0
11001,0.0
11004,0.0
11006,0.0
11009,0.0
11011,0.0
11013,0.0
11016,0.0
11022,0.0
11035,0.0
11040,0.0
11041,0.0
11047,0.0
11056,0.0
11063,0.0
11064,0.0
11068,0.0
11069,0.0
11070,0.0
11074,0.0
11078,0.0
11079,0.0
11082,0.0
11084,0.0
11085,0.0
11088,0.0
11089,0.0
11094,0.0
11095,0.0
11097,0.0
11098,0.0
11103,0.0
11104,0.0
11107,0.0
11114,0.0
11118,0.0
11121,0.0
11123,0.0
11125,0.0
11129,0.0
11130,0.0
11131,0.0
11133,0.0
11134,0.0
11138,0.0
11143,0.0
11145,0.0
11148,0.0
11151,0.0
11154,0.0
11157,0.0
11158,0.0
11161,0.0
11163,0.0
11167,0.0
11181,0.0
11183,0.0
11188,0.0
11191,0.0
11198,0.0
11202,0.0
11204,0.0
11209,0.0
11211,0.0
11218,0.0
11220,0.0
11229,0.0
11237,0.0
11239,0.0
11241,0.0
11243,0.0
11248,0.0
11253,0.0
11255,0.0
11256,0.0
11258,0.0
11262,0.0
11267,0.0
11272,0.0
11274,0.0
11276,0.0
11277,0.0
11280,0.0
11285,0.0
11287,0.0
11289,0.0
11290,0.0
11291,0.0
11292,0.0
11295,0.0
11297,0.0
11302,0.0
11303,0.0
11304,0.0
11307,0.0
11309,0.0
11314,0.0
11316,0.0
11322,0.0
11323,0.0
11324,0.0
11327,0.0
11332,0.0
11337,0.0
11338,0.0
11339,0.0
11341,0.0
11346,0.0
11348,0.0
11349,0.0
11350,0.0
11367,0.0
11372,0.0
11373,0.0
11384,0.0
11388,0.0
11394,0.0
11407,0.0
11410,0.0
11414,0.0
11418,0.0
11420,0.0
11422,0.0
11427,0.0
11428,0.0
11430,0.0
11431,0.0
11435,0.0
11436,0.0
11438,0.0
11444,0.0
11445,0.0
11446,0.0
11449,0.0
11454,0.0
11455,0.0
11458,0.0
11461,0.0
11467,0.0
11469,0.0
11471,0.0
11477,0.0
11480,0.0
11482,0.0
11483,0.0
11488,0.0
11491,0.0
11492,0.0
11493,0.0
11494,0.0
11495,0.0
11497,0.0
11499,0.0
11500,0.0
11503,0.0
11504,0.0
11505,0.0
11506,0.0
11510,0.0
11511,0.0
11517,0.0
11519,0.0
11523,0.0
11530,0.0
11533,0.0
11534,0.0
11538,0.0
11541,0.0
11548,0.0
11550,0.0
11553,0.0
11555,0.0
11556,0.0
11557,0.0
11559,0.0
11562,0.0
11568,0.0
11572,0.0
11577,0.0
11578,0.0
11583,0.0
11584,0.0
11588,0.0
11591,0.0
11593,0.0
11594,0.0
11598,0.0
11599,0.0
11600,0.0
11602,0.0
11606,0.0
11607,0.0
11608,0.0
11609,0.0
11611,0.0
11613,0.0
11614,0.0
11619,0.0
11622,0.0
11624,0.0
11625,0.0
11631,0.0
11637,0.0
11640,0.0
11641,0.0
11643,0.0
11645,0.0
11653,0.0
11654,0.0
11658,0.0
11659,0.0
11662,0.0
11663,0.0
11671,0.0
11676,0.0
11687,0.0
11689,0.0
11690,0.0
11691,0.0
11693,0.0
11695,0.0
11698,0.0
11699,0.0
11702,0.0
11705,0.0
11707,0.0
11708,0.0
11716,0.0
11717,0.0
11718,0.0
11719,0.0
11721,0.0
11725,0.0
11728,0.0
11730,0.0
11731,0.0
11736,0.0
11738,0.0
11741,0.0
11745,0.0
11748,0.0
11750,0.0
11751,0.0
11753,0.0
11754,0.0
11759,0.0
11760,0.0
11763,0.0
11765,0.0
11767,0.0
11782,0.0
11786,0.0
11789,0.0
11799,0.0
11802,0.0
11805,0.0
11809,0.0
11818,0.0
11823,0.0
11825,0.0
11828,0.0
11830,0.0
11833,0.0
11834,0.0
11835,0.0
11837,0.0
11838,0.0
11839,0.0
11840,0.0
11846,0.0
11847,0.0
11851,0.0
11852,0.0
11856,0.0
11858,0.0
11866,0.0
11872,0.0
11873,0.0
11874,0.0
11880,0.0
11881,0.0
11885,0.0
11886,0.0
11888,0.0
11892,0.0
11901,0.0
11902,0.0
11905,0.0
11907,0.0
11909,0.0
11911,0.0
11916,0.0
11918,0.0
11920,0.0
11930,0.0
11932,0.0
11934,0.0
11935,0.0
11941,0.0
11942,0.0
11943,0.0
11944,0.0
11947,0.0
11953,0.0
11955,0.0
11958,0.0
11960,0.0
11967,0.0
11968,0.0
11970,0.0
11978,0.0
11980,0.0
11981,0.0
11988,0.0
11989,0.0
11992,0.0
11997,0.0
12000,0.0
12002,0.0
12008,0.0
12010,0.0
12012,0.0
12014,0.0
12017,0.0
12022,0.0
12027,0.0
12032,0.0
12037,0.0
12040,0.0
12041,0.0
12045,0.0
12047,0.0
12049,0.0
12050,0.0
12053,0.0
12056,0.0
12063,0.0
12065,0.0
12068,0.0
12075,0.0
12076,0.0
12078,0.0
12081,0.0
12088,0.0
12089,0.0
12098,0.0
12099,0.0
12101,0.0
12102,0.0
12113,0.0
12115,0.0
12116,0.0
12123,0.0
12124,0.0
12126,0.0
12127,0.0
12128,0.0
12130,0.0
12131,0.0
12132,0.0
12137,0.0
12145,0.0
12147,0.0
12153,0.0
12155,0.0
12156,0.0
12157,0.0
12158,0.0
12159,0.0
12161,0.0
12166,0.0
12168,0.0
12178,0.0
12179,0.0
12184,0.0
12188,0.0
12190,0.0
12193,0.0
12200,0.0
12201,0.0
12204,0.0
12206,0.0
12210,0.0
12212,0.0
12214,0.0
12218,0.0
12220,0.0
12222,0.0
12237,0.0
12239,0.0
12244,0.0
12246,0.0
12250,0.0
12256,0.0
12260,0.0
12261,0.0
12263,0.0
12266,0.0
12267,0.0
12268,0.0
12276,0.0
12280,0.0
12282,0.0
12286,0.0
12287,0.0
12288,0.0
12290,0.0
12292,0.0
12294,0.0
12301,0.0
12303,0.0
12304,0.0
12305,0.0
12307,0.0
12319,0.0
12320,0.0
12322,0.0
12325,0.0
12327,0.0
12328,0.0
12329,0.0
12332,0.0
12334,0.0
12337,0.0
12343,0.0
12347,0.0
12350,0.0
12351,0.0
12356,0.0
12360,0.0
12364,0.0
12368,0.0
12373,0.0
12377,0.0
12383,0.0
12384,0.0
12385,0.0
12386,0.0
12395,0.0
12400,0.0
12402,0.0
12403,0.0
12406,0.0
12411,0.0
12412,0.0
12415,0.0
12421,0.0
12423,0.0
12433,0.0
12434,0.0
12438,0.0
12440,0.0
12443,0.0
12445,0.0
12451,0.0
12454,0.0
12455,0.0
12459,0.0
12461,0.0
12466,0.0
12475,0.0
12477,0.0
12480,0.0
12481,0.0
12488,0.0
12490,0.0
12492,0.0
12494,0.0
12496,0.0
12499,0.0
12500,0.0
12502,0.0
12504,0.0
12510,0.0
12513,0.0
12514,0.0
12515,0.0
12530,0.0
12531,0.0
12540,0.0
12541,0.0
12545,0.0
12546,0.0
12550,0.0
12551,0.0
12554,0.0
12559,0.0
12562,0.0
12563,0.0
12564,0.0
12565,0.0
12572,0.0
12573,0.0
12574,0.0
12575,0.0
12576,0.0
12579,0.0
12589,0.0
12590,0.0
12591,0.0
12594,0.0
12603,0.0
12610,0.0
12614,0.0
12617,0.0
12619,0.0
12620,0.0
12623,0.0
12628,0.0
12630,0.0
12634,0.0
12638,0.0
12639,0.0
12640,0.0
12642,0.0
12644,0.0
12645,0.0
12649,0.0
12650,0.0
12651,0.0
12653,0.0
12654,0.0
12662,0.0
12665,0.0
12670,0.0
12676,0.0
12681,0.0
12684,0.0
12687,0.0
12689,0.0
12690,0.0
12691,0.0
12693,0.0
12698,0.0
12700,0.0
12703,0.0
12708,0.0
12710,0.0
12733,0.0
12740,0.0
12741,0.0
12746,0.0
12752,0.0
12755,0.0
12756,0.0
12758,0.0
12767,0.0
12770,0.0
12772,0.0
12773,0.0
12777,0.0
12780,0.0
12788,0.0
12789,0.0
12792,0.0
12794,0.0
12797,0.0
12799,0.0
12801,0.0
12804,0.0
12812,0.0
12813,0.0
12814,0.0
12820,0.0
12823,0.0
12824,0.0
12828,0.0
12831,0.0
12833,0.0
12834,0.0
12835,0.0
12838,0.0
12841,0.0
12842,0.0
12843,0.0
12854,0.0
12856,0.0
12857,0.0
12858,0.0
12860,0.0
12864,0.0
12866,0.0
12867,0.0
12870,0.0
12871,0.0
12874,0.0
12878,0.0
12881,0.0
12884,0.0
12885,0.0
12886,0.0
12889,0.0
12890,0.0
12891,0.0
12892,0.0
12894,0.0
12895,0.0
12898,0.0
12901,0.0
12909,0.0
12910,0.0
12914,0.0
12925,0.0
12927,0.0
12930,0.0
12931,0.0
12932,0.0
12933,0.0
12938,0.0
12946,0.0
12948,0.0
12954,0.0
12955,0.0
12960,0.0
12962,0.0
12964,0.0
12965,0.0
12968,0.0
12972,0.0
12978,0.0
12982,0.0
12984,0.0
12986,0.0
12988,0.0
12989,0.0
12990,0.0
12994,0.0
12997,0.0
12998,0.0
13012,0.0
13013,0.0
13016,0.0
13017,0.0
13021,0.0
13024,0.0
13027,0.0
13035,0.0
13041,0.0
13043,0.0
13048,0.0
13049,0.0
13055,0.0
13057,0.0
13061,0.0
13064,0.0
13067,0.0
13070,0.0
13074,0.0
13075,0.0
13076,0.0
13078,0.0
13080,0.0
13084,0.0
13088,0.0
13096,0.0
13099,0.0
13101,0.0
13105,0.0
13107,0.0
13108,0.0
13112,0.0
13115,0.0
13117,0.0
13118,0.0
13121,0.0
13130,0.0
13133,0.0
13134,0.0
13135,0.0
13140,0.0
13142,0.0
13144,0.0
13145,0.0
13147,0.0
13150,0.0
13153,0.0
13156,0.0
13158,0.0
13171,0.0
13172,0.0
13174,0.0
13183,0.0
13184,0.0
13190,0.0
13196,0.0
13199,0.0
13204,0.0
13210,0.0
13211,0.0
13213,0.0
13217,0.0
13219,0.0
13223,0.0
13235,0.0
13239,0.0
13253,0.0
13255,0.0
13257,0.0
13258,0.0
13259,0.0
13263,0.0
13266,0.0
13267,0.0
13269,0.0
13272,0.0
13274,0.0
13275,0.0
13279,0.0
13280,0.0
13289,0.0
13290,0.0
13291,0.0
13296,0.0
13298,0.0
13299,0.0
13304,0.0
13305,0.0
13310,0.0
13314,0.0
13317,0.0
13318,0.0
13319,0.0
13326,0.0
13327,0.0
13331,0.0
13335,0.0
13339,0.0
13340,0.0
13342,0.0
13343,0.0
13346,0.0
13348,0.0
13352,0.0
13353,0.0
13356,0.0
13360,0.0
13363,0.0
13366,0.0
13368,0.0
13372,0.0
13373,0.0
13374,0.0
13375,0.0
13376,0.0
13384,0.0
13395,0.0
13398,0.0
13400,0.0
13403,0.0
13405,0.0
13409,0.0
13411,0.0
13412,0.0
13417,0.0
13419,0.0
13420,0.0
13423,0.0
13426,0.0
13428,0.0
13429,0.0
13432,0.0
13434,0.0
13435,0.0
13436,0.0
13437,0.0
13441,0.0
13442,0.0
13444,0.0
13446,0.0
13447,0.0
13450,0.0
13452,0.0
13453,0.0
13454,0.0
13455,0.0
13456,0.0
13457,0.0
13459,0.0
13460,0.0
13464,0.0
13467,0.0
13468,0.0
13473,0.0
13474,0.0
13478,0.0
13483,0.0
13484,0.0
13486,0.0
13491,0.0
13495,0.0
13500,0.0
13515,0.0
13516,0.0
13522,0.0
13524,0.0
13526,0.0
13533,0.0
13534,0.0
13535,0.0
13536,0.0
13540,0.0
13546,0.0
13547,0.0
13554,0.0
13555,0.0
13558,0.0
13562,0.0
13568,0.0
13570,0.0
13573,0.0
13574,0.0
13576,0.0
13586,0.0
13587,0.0
13591,0.0
13593,0.0
13597,0.0
13599,0.0
13600,0.0
13605,0.0
13607,0.0
13612,0.0
13618,0.0
13620,0.0
13621,0.0
13628,0.0
13630,0.0
13631,0.0
13633,0.0
13635,0.0
13636,0.0
13638,0.0
13639,0.0
13641,0.0
13648,0.0
13649,0.0
13652,0.0
13661,0.0
13662,0.0
13663,0.0
13666,0.0
13668,0.0
13670,0.0
13673,0.0
13674,0.0
13677,0.0
13681,0.0
13683,0.0
13684,0.0
13687,0.0
13692,0.0
13709,0.0
13711,0.0
13712,0.0
13718,0.0
13720,0.0
13724,0.0
13725,0.0
13729,0.0
13732,0.0
13733,0.0
13735,0.0
13737,0.0
13738,0.0
13739,0.0
13743,0.0
13746,0.0
13749,0.0
13753,0.0
13754,0.0
13755,0.0
13756,0.0
13760,0.0
13764,0.0
13765,0.0
13766,0.0
13770,0.0
13772,0.0
13778,0.0
13784,0.0
13791,0.0
13800,0.0
13802,0.0
13804,0.0
13806,0.0
13807,0.0
13808,0.0
13811,0.0
13812,0.0
13814,0.0
13820,0.0
13821,0.0
13824,0.0
13825,0.0
13826,0.0
13828,0.0
13829,0.0
13831,0.0
13836,0.0
13843,0.0
13845,0.0
13855,0.0
13856,0.0
13863,0.0
13866,0.0
13872,0.0
13875,0.0
13881,0.0
13883,0.0
13884,0.0
13889,0.0
13890,0.0
13892,0.0
13893,0.0
13894,0.0
13895,0.0
13898,0.0
13906,0.0
13909,0.0
13910,0.0
13911,0.0
13913,0.0
13915,0.0
13923,0.0
13924,0.0
13927,0.0
13932,0.0
13941,0.0
13951,0.0
13953,0.0
13955,0.0
13957,0.0
13958,0.0
13959,0.0
13963,0.0
13966,0.0
13968,0.0
13969,0.0
13971,0.0
13977,0.0
13981,0.0
13982,0.0
13985,0.0
13986,0.0
13987,0.0
13989,0.0
13992,0.0
13995,0.0
13996,0.0
14001,0.0
14002,0.0
14008,0.0
14011,0.0
14013,0.0
14014,0.0
14016,0.0
14018,0.0
14022,0.0
14025,0.0
14027,0.0
14028,0.0
14030,0.0
14036,0.0
14038,0.0
14040,0.0
14043,0.0
14044,0.0
14047,0.0
14048,0.0
14051,0.0
14057,0.0
14059,0.0
14061,0.0
14064,0.0
14070,0.0
14072,0.0
14074,0.0
14076,0.0
14079,0.0
14082,0.0
14083,0.0
14084,0.0
14087,0.0
14090,0.0
14094,0.0
14098,0.0
14099,0.0
14100,0.0
14102,0.0
14107,0.0
14112,0.0
14114,0.0
14115,0.0
14117,0.0
14119,0.0
14120,0.0
14121,0.0
14122,0.0
14123,0.0
14128,0.0
14130,0.0
14131,0.0
14133,0.0
14140,0.0
14141,0.0
14143,0.0
14147,0.0
14155,0.0
14157,0.0
14159,0.0
14162,0.0
14164,0.0
14165,0.0
14166,0.0
14168,0.0
14175,0.0
14176,0.0
14178,0.0
14179,0.0
14180,0.0
14183,0.0
14188,0.0
14191,0.0
14195,0.0
14196,0.0
14197,0.0
14198,0.0
14200,0.0
14204,0.0
14208,0.0
14211,0.0
14212,0.0
14214,0.0
14216,0.0
14218,0.0
14220,0.0
14229,0.0
14232,0.0
14234,0.0
14235,0.0
14238,0.0
14239,0.0
14246,0.0
14250,0.0
14251,0.0
14254,0.0
14258,0.0
14259,0.0
14261,0.0
14269,0.0
14270,0.0
14272,0.0
14282,0.0
14286,0.0
14295,0.0
14296,0.0
14297,0.0
14301,0.0
14303,0.0
14308,0.0
14310,0.0
14316,0.0
14321,0.0
14323,0.0
14326,0.0
14328,0.0
14329,0.0
14340,0.0
14341,0.0
14348,0.0
14349,0.0
14353,0.0
14359,0.0
14360,0.0
14364,0.0
14365,0.0
14373,0.0
14375,0.0
14379,0.0
14382,0.0
14383,0.0
14387,0.0
14388,0.0
14391,0.0
14392,0.0
14393,0.0
14394,0.0
14398,0.0
14404,0.0
14406,0.0
14422,0.0
14424,0.0
14428,0.0
14429,0.0
14434,0.0
14435,0.0
14438,0.0
14442,0.0
14445,0.0
14446,0.0
14448,0.0
14450,0.0
14451,0.0
14453,0.0
14458,0.0
14462,0.0
14463,0.0
14464,0.0
14469,0.0
14471,0.0
14472,0.0
14479,0.0
14480,0.0
14481,0.0
14482,0.0
14487,0.0
14491,0.0
14493,0.0
14497,0.0
14501,0.0
14504,0.0
14510,0.0
14511,0.0
14512,0.0
14517,0.0
14518,0.0
14519,0.0
14520,0.0
14521,0.0
14522,0.0
14523,0.0
14527,0.0
14528,0.0
14541,0.0
14544,0.0
14545,0.0
14548,0.0
14550,0.0
14555,0.0
14558,0.0
14559,0.0
14561,0.0
14564,0.0
14567,0.0
14572,0.0
14576,0.0
14580,0.0
14581,0.0
14582,0.0
14590,0.0
14594,0.0
14595,0.0
14597,0.0
14599,0.0
14603,0.0
14604,0.0
14606,0.0
14607,0.0
14609,0.0
14612,0.0
14615,0.0
14616,0.0
14624,0.0
14626,0.0
14631,0.0
14634,0.0
14640,0.0
14641,0.0
14643,0.0
14644,0.0
14664,0.0
14670,0.0
14671,0.0
14674,0.0
14679,0.0
14680,0.0
14682,0.0
14683,0.0
14693,0.0
14697,0.0
14698,0.0
14700,0.0
14715,0.0
14724,0.0
14727,0.0
14730,0.0
14731,0.0
14732,0.0
14733,0.0
14735,0.0
14738,0.0
14742,0.0
14745,0.0
14753,0.0
14754,0.0
14757,0.0
14761,0.0
14767,0.0
14768,0.0
14770,0.0
14772,0.0
14776,0.0
14781,0.0
14789,0.0
14794,0.0
14797,0.0
14798,0.0
14801,0.0
14804,0.0
14805,0.0
14807,0.0
14812,0.0
14814,0.0
14819,0.0
14822,0.0
14826,0.0
14828,0.0
14830,0.0
14831,0.0
14835,0.0
14836,0.0
14838,0.0
14843,0.0
14847,0.0
14849,0.0
14851,0.0
14852,0.0
14853,0.0
14856,0.0
14857,0.0
14860,0.0
14865,0.0
14866,0.0
14868,0.0
14876,0.0
14877,0.0
14878,0.0
14880,0.0
14883,0.0
14885,0.0
14889,0.0
14893,0.0
14902,0.0
14904,0.0
14909,0.0
14911,0.0
14913,0.0
14917,0.0
14918,0.0
14923,0.0
14926,0.0
14928,0.0
14929,0.0
14938,0.0
14941,0.0
14943,0.0
14944,0.0
14948,0.0
14952,0.0
14957,0.0
14962,0.0
14967,0.0
14969,0.0
14970,0.0
14971,0.0
14974,0.0
14978,0.0
14982,0.0
14984,0.0
14996,0.0
14999,0.0
15000,0.0
15002,0.0
15003,0.0
15004,0.0
15006,0.0
15022,0.0
15023,0.0
15025,0.0
15026,0.0
15028,0.0
15029,0.0
15031,0.0
15036,0.0
15037,0.0
15041,0.0
15042,0.0
15044,0.0
15045,0.0
15047,0.0
15050,0.0
15051,0.0
15053,0.0
15056,0.0
15058,0.0
15059,0.0
15061,0.0
15062,0.0
15065,0.0
15067,0.0
15074,0.0
15076,0.0
15082,0.0
15083,0.0
15085,0.0
15089,0.0
15091,0.0
15092,0.0
15095,0.0
15097,0.0
15102,0.0
15103,0.0
15104,0.0
15108,0.0
15109,0.0
15110,0.0
15112,0.0
15115,0.0
15122,0.0
15127,0.0
15131,0.0
15132,0.0
15133,0.0
15136,0.0
15137,0.0
15139,0.0
15140,0.0
15141,0.0
15143,0.0
15147,0.0
15148,0.0
15152,0.0
15153,0.0
15154,0.0
15155,0.0
15157,0.0
15160,0.0
15164,0.0
15168,0.0
15175,0.0
15178,0.0
15180,0.0
15186,0.0
15188,0.0
15190,0.0
15191,0.0
15195,0.0
15200,0.0
15201,0.0
15203,0.0
15204,0.0
15206,0.0
15207,0.0
15208,0.0
15209,0.0
15214,0.0
15217,0.0
15218,0.0
15221,0.0
15223,0.0
15226,0.0
15228,0.0
15233,0.0
15235,0.0
15244,0.0
15245,0.0
15248,0.0
15252,0.0
15257,0.0
15259,0.0
15260,0.0
15261,0.0
15262,0.0
15267,0.0
15271,0.0
15282,0.0
15284,0.0
15294,0.0
15298,0.0
15299,0.0
15300,0.0
15301,0.0
15302,0.0
15303,0.0
15306,0.0
15311,0.0
15313,0.0
15317,0.0
15319,0.0
15321,0.0
15322,0.0
15325,0.0
15327,0.0
15331,0.0
15332,0.0
15335,0.0
15338,0.0
15340,0.0
15342,0.0
15343,0.0
15345,0.0
15346,0.0
15347,0.0
15351,0.0
15352,0.0
15362,0.0
15364,0.0
15375,0.0
15379,0.0
15380,0.0
15383,0.0
15386,0.0
15387,0.0
15389,0.0
15395,0.0
15396,0.0
15399,0.0
15401,0.0
15407,0.0
15408,0.0
15409,0.0
15410,0.0
15412,0.0
15417,0.0
15418,0.0
15421,0.0
15422,0.0
15429,0.0
15432,0.0
15435,0.0
15441,0.0
15451,0.0
15452,0.0
15454,0.0
15458,0.0
15459,0.0
15461,0.0
15463,0.0
15467,0.0
15468,0.0
15470,0.0
15471,0.0
15477,0.0
15478,0.0
15482,0.0
15484,0.0
15492,0.0
15493,0.0
15494,0.0
15495,0.0
15500,0.0
15507,0.0
15512,0.0
15514,0.0
15517,0.0
15521,0.0
15522,0.0
15524,0.0
15525,0.0
15526,0.0
15529,0.0
15535,0.0
15536,0.0
15538,0.0
15539,0.0
15540,0.0
15541,0.0
15542,0.0
15543,0.0
15549,0.0
15550,0.0
15551,0.0
15553,0.0
15558,0.0
15563,0.0
15564,0.0
15568,0.0
15569,0.0
15571,0.0
15573,0.0
15576,0.0
15583,0.0
15587,0.0
15588,0.0
15590,0.0
15592,0.0
15596,0.0
15599,0.0
15600,0.0
15601,0.0
15602,0.0
15603,0.0
15606,0.0
15607,0.0
15608,0.0
15609,0.0
15610,0.0
15612,0.0
15626,0.0
15627,0.0
15635,0.0
15639,0.0
15642,0.0
15643,0.0
15645,0.0
15646,0.0
15647,0.0
15649,0.0
15652,0.0
15654,0.0
15655,0.0
15659,0.0
15660,0.0
15662,0.0
15663,0.0
15668,0.0
15676,0.0
15683,0.0
15687,0.0
15688,0.0
15691,0.0
15695,0.0
15696,0.0
15698,0.0
15700,0.0
15701,0.0
15702,0.0
15703,0.0
15708,0.0
15716,0.0
15717,0.0
15719,0.0
15724,0.0
15725,0.0
15728,0.0
15734,0.0
15736,0.0
15737,0.0
15741,0.0
15743,0.0
15754,0.0
15755,0.0
15763,0.0
15764,0.0
15767,0.0
15769,0.0
15770,0.0
15771,0.0
15773,0.0
15776,0.0
15778,0.0
15782,0.0
15788,0.0
15793,0.0
15799,0.0
15802,0.0
15811,0.0
15816,0.0
15817,0.0
15818,0.0
15821,0.0
15824,0.0
15826,0.0
15828,0.0
15829,0.0
15830,0.0
15835,0.0
15836,0.0
15837,0.0
15839,0.0
15840,0.0
15845,0.0
15847,0.0
15849,0.0
15857,0.0
15860,0.0
15863,0.0
15864,0.0
15872,0.0
15880,0.0
15881,0.0
15882,0.0
15883,0.0
15884,0.0
15887,0.0
15892,0.0
15895,0.0
15903,0.0
15904,0.0
15911,0.0
15913,0.0
15919,0.0
15920,0.0
15922,0.0
15923,0.0
15926,0.0
15927,0.0
15929,0.0
15931,0.0
15942,0.0
15944,0.0
15945,0.0
15949,0.0
15951,0.0
15954,0.0
15960,0.0
15965,0.0
15967,0.0
15982,0.0
15983,0.0
15986,0.0
15988,0.0
15989,0.0
15990,0.0
15992,0.0
15993,0.0
15997,0.0
15998,0.0
16000,0.0
16005,0.0
16007,0.0
16011,0.0
16012,0.0
16020,0.0
16021,0.0
16022,0.0
16026,0.0
16030,0.0
16034,0.0
16038,0.0
16039,0.0
16041,0.0
16044,0.0
16045,0.0
16048,0.0
16049,0.0
16051,0.0
16053,0.0
16056,0.0
16057,0.0
16059,0.0
16060,0.0
16061,0.0
16062,0.0
16063,0.0
16068,0.0
16076,0.0
16079,0.0
16080,0.0
16086,0.0
16087,0.0
16091,0.0
16094,0.0
16096,0.0
16101,0.0
16103,0.0
16105,0.0
16109,0.0
16113,0.0
16115,0.0
16116,0.0
16128,0.0
16129,0.0
16131,0.0
16134,0.0
16135,0.0
16136,0.0
16138,0.0
16141,0.0
16142,0.0
16147,0.0
16150,0.0
16155,0.0
16156,0.0
16158,0.0
16163,0.0
16164,0.0
16176,0.0
16177,0.0
16182,0.0
16183,0.0
16184,0.0
16186,0.0
16191,0.0
16192,0.0
16193,0.0
16199,0.0
16204,0.0
16205,0.0
16207,0.0
16213,0.0
16215,0.0
16217,0.0
16220,0.0
16224,0.0
16230,0.0
16231,0.0
16232,0.0
16237,0.0
16243,0.0
16245,0.0
16246,0.0
16248,0.0
16252,0.0
16255,0.0
16260,0.0
16262,0.0
16268,0.0
16270,0.0
16274,0.0
16277,0.0
16279,0.0
16280,0.0
16281,0.0
16282,0.0
16284,0.0
16288,0.0
16290,0.0
16291,0.0
16298,0.0
16299,0.0
16305,0.0
16306,0.0
16308,0.0
16310,0.0
16312,0.0
16317,0.0
16323,0.0
16326,0.0
16331,0.0
16335,0.0
16339,0.0
16341,0.0
16342,0.0
16345,0.0
16358,0.0
16360,0.0
16365,0.0
16371,0.0
16374,0.0
16376,0.0
16379,0.0
16381,0.0
16383,0.0
16389,0.0
16394,0.0
16397,0.0
16398,0.0
16400,0.0
16406,0.0
16407,0.0
16409,0.0
16417,0.0
16418,0.0
16419,0.0
16420,0.0
16421,0.0
16434,0.0
16440,0.0
16441,0.0
16442,0.0
16445,0.0
16446,0.0
16451,0.0
16452,0.0
16457,0.0
16461,0.0
16463,0.0
16464,0.0
16465,0.0
16466,0.0
16467,0.0
16468,0.0
16472,0.0
16474,0.0
16476,0.0
16479,0.0
16483,0.0
16489,0.0
16490,0.0
16491,0.0
16492,0.0
16493,0.0
16494,0.0
16496,0.0
16497,0.0
16498,0.0
16499,0.0
16500,0.0
16502,0.0
16505,0.0
16507,0.0
16508,0.0
16511,0.0
16512,0.0
16514,0.0
16522,0.0
16527,0.0
16531,0.0
16534,0.0
16539,0.0
16543,0.0
16546,0.0
16548,0.0
16554,0.0
16560,0.0
16562,0.0
16563,0.0
16567,0.0
16575,0.0
16577,0.0
16578,0.0
16581,0.0
16582,0.0
16589,0.0
16595,0.0
16596,0.0
16597,0.0
16607,0.0
16613,0.0
16616,0.0
16621,0.0
16622,0.0
16624,0.0
16628,0.0
16640,0.0
16646,0.0
16655,0.0
16657,0.0
16659,0.0
16660,0.0
16662,0.0
16666,0.0
16676,0.0
16679,0.0
16681,0.0
16682,0.0
16685,0.0
16688,0.0
16693,0.0
16696,0.0
16700,0.0
16708,0.0
16713,0.0
16714,0.0
16715,0.0
16719,0.0
16720,0.0
16722,0.0
16725,0.0
16728,0.0
16730,0.0
16733,0.0
16736,0.0
16744,0.0
16745,0.0
16748,0.0
16752,0.0
16753,0.0
16754,0.0
16757,0.0
16771,0.0
16772,0.0
16776,0.0
16778,0.0
16780,0.0
16781,0.0
16783,0.0
16786,0.0
16794,0.0
16795,0.0
16798,0.0
16799,0.0
16804,0.0
16810,0.0
16812,0.0
16815,0.0
16819,0.0
16822,0.0
16824,0.0
16829,0.0
16831,0.0
16835,0.0
16836,0.0
16837,0.0
16843,0.0
16846,0.0
16854,0.0
16855,0.0
16858,0.0
16859,0.0
16861,0.0
16862,0.0
16863,0.0
16864,0.0
16865,0.0
16869,0.0
16872,0.0
16882,0.0
16893,0.0
16897,0.0
16900,0.0
16903,0.0
16904,0.0
16906,0.0
16912,0.0
16914,0.0
16926,0.0
16927,0.0
16929,0.0
16942,0.0
16945,0.0
16955,0.0
16956,0.0
16965,0.0
16970,0.0
16972,0.0
16974,0.0
16977,0.0
16990,0.0
16997,0.0
16999,0.0
17001,0.0
17002,0.0
17005,0.0
17007,0.0
17012,0.0
17018,0.0
17020,0.0
17021,0.0
17022,0.0
17024,0.0
17035,0.0
17036,0.0
17037,0.0
17038,0.0
17039,0.0
17040,0.0
17042,0.0
17043,0.0
17048,0.0
17057,0.0
17060,0.0
17062,0.0
17063,0.0
17065,0.0
17071,0.0
17072,0.0
17076,0.0
17077,0.0
17079,0.0
17082,0.0
17083,0.0
17092,0.0
17098,0.0
17100,0.0
17103,0.0
17107,0.0
17112,0.0
17115,0.0
17116,0.0
17121,0.0
17122,0.0
17124,0.0
17130,0.0
17131,0.0
17134,0.0
17135,0.0
17139,0.0
17143,0.0
17146,0.0
17149,0.0
17154,0.0
17155,0.0
17158,0.0
17161,0.0
17165,0.0
17166,0.0
17172,0.0
17173,0.0
17176,0.0
17185,0.0
17188,0.0
17192,0.0
17195,0.0
17198,0.0
17201,0.0
17203,0.0
17208,0.0
17211,0.0
17215,0.0
17220,0.0
17223,0.0
17224,0.0
17226,0.0
17228,0.0
17233,0.0
17237,0.0
17238,0.0
17242,0.0
17243,0.0
17247,0.0
17248,0.0
17252,0.0
17255,0.0
17260,0.0
17263,0.0
17264,0.0
17270,0.0
17272,0.0
17277,0.0
17280,0.0
17281,0.0
17289,0.0
17290,0.0
17293,0.0
17299,0.0
17303,0.0
17305,0.0
17307,0.0
17309,0.0
17312,0.0
17313,0.0
17315,0.0
17317,0.0
17319,0.0
17321,0.0
17322,0.0
17329,0.0
17330,0.0
17335,0.0
17337,0.0
17339,0.0
17344,0.0
17345,0.0
17349,0.0
17351,0.0
17352,0.0
17353,0.0
17358,0.0
17362,0.0
17367,0.0
17375,0.0
17378,0.0
17392,0.0
17395,0.0
17396,0.0
17398,0.0
17401,0.0
17403,0.0
17404,0.0
17408,0.0
17411,0.0
17412,0.0
17416,0.0
17424,0.0
17428,0.0
17431,0.0
17432,0.0
17435,0.0
17439,0.0
17440,0.0
17442,0.0
17444,0.0
17445,0.0
17446,0.0
17455,0.0
17456,0.0
17457,0.0
17460,0.0
17462,0.0
17466,0.0
17470,0.0
17475,0.0
17479,0.0
17480,0.0
17482,0.0
17490,0.0
17493,0.0
17495,0.0
17499,0.0
17507,0.0
17508,0.0
17511,0.0
17512,0.0
17514,0.0
17515,0.0
17523,0.0
17524,0.0
17525,0.0
17527,0.0
17528,0.0
17529,0.0
17532,0.0
17535,0.0
17536,0.0
17538,0.0
17548,0.0
17550,0.0
17552,0.0
17553,0.0
17558,0.0
17560,0.0
17566,0.0
17568,0.0
17574,0.0
17575,0.0
17576,0.0
17577,0.0
17584,0.0
17586,0.0
17587,0.0
17591,0.0
17596,0.0
17600,0.0
17604,0.0
17605,0.0
17608,0.0
17612,0.0
17617,0.0
17623,0.0
17625,0.0
17628,0.0
17629,0.0
17635,0.0
17639,0.0
17641,0.0
17643,0.0
17647,0.0
17650,0.0
17652,0.0
17654,0.0
17657,0.0
17660,0.0
17662,0.0
17668,0.0
17670,0.0
17671,0.0
17676,0.0
17678,0.0
17684,0.0
17687,0.0
17691,0.0
17693,0.0
17695,0.0
17696,0.0
17698,0.0
17700,0.0
17701,0.0
17702,0.0
17706,0.0
17709,0.0
17710,0.0
17718,0.0
17721,0.0
17723,0.0
17725,0.0
17726,0.0
17730,0.0
17732,0.0
17733,0.0
17734,0.0
17736,0.0
17738,0.0
17741,0.0
17745,0.0
17746,0.0
17747,0.0
17752,0.0
17759,0.0
17763,0.0
17764,0.0
17767,0.0
17768,0.0
17772,0.0
17774,0.0
17777,0.0
17779,0.0
17783,0.0
17790,0.0
17792,0.0
17794,0.0
17798,0.0
17799,0.0
17801,0.0
17803,0.0
17807,0.0
17810,0.0
17813,0.0
17816,0.0
17817,0.0
17818,0.0
17819,0.0
17824,0.0
17828,0.0
17829,0.0
17834,0.0
17836,0.0
17838,0.0
17841,0.0
17843,0.0
17844,0.0
17845,0.0
17847,0.0
17848,0.0
17849,0.0
17850,0.0
17855,0.0
17857,0.0
17858,0.0
17859,0.0
17866,0.0
17867,0.0
17868,0.0
17869,0.0
17872,0.0
17873,0.0
17874,0.0
17878,0.0
17879,0.0
17882,0.0
17885,0.0
17886,0.0
17887,0.0
17890,0.0
17891,0.0
17893,0.0
17899,0.0
17906,0.0
17908,0.0
17914,0.0
17915,0.0
17922,0.0
17923,0.0
17928,0.0
17932,0.0
17933,0.0
17937,0.0
17938,0.0
17945,0.0
17946,0.0
17950,0.0
17959,0.0
17963,0.0
17964,0.0
17965,0.0
17967,0.0
17968,0.0
17969,0.0
17980,0.0
17981,0.0
17982,0.0
17986,0.0
17994,0.0
17995,0.0
18003,0.0
18010,0.0
18011,0.0
18012,0.0
18013,0.0
18014,0.0
18015,0.0
18016,0.0
18017,0.0
18018,0.0
18019,0.0
18022,0.0
18024,0.0
18026,0.0
18029,0.0
18030,0.0
18032,0.0
18033,0.0
18036,0.0
18044,0.0
18045,0.0
18050,0.0
18051,0.0
18052,0.0
18053,0.0
18054,0.0
18058,0.0
18065,0.0
18066,0.0
18067,0.0
18070,0.0
18071,0.0
18073,0.0
18076,0.0
18078,0.0
18079,0.0
18083,0.0
18086,0.0
18087,0.0
18093,0.0
18094,0.0
18100,0.0
18102,0.0
18104,0.0
18109,0.0
18110,0.0
18112,0.0
18114,0.0
18118,0.0
18119,0.0
18123,0.0
18126,0.0
18132,0.0
18135,0.0
18141,0.0
18145,0.0
18146,0.0
18147,0.0
18151,0.0
18153,0.0
18156,0.0
18157,0.0
18160,0.0
18162,0.0
18166,0.0
18169,0.0
18183,0.0
18185,0.0
18186,0.0
18187,0.0
18189,0.0
18190,0.0
18195,0.0
18196,0.0
18202,0.0
18203,0.0
18215,0.0
18219,0.0
18221,0.0
18222,0.0
18226,0.0
18237,0.0
18238,0.0
18245,0.0
18247,0.0
18248,0.0
18251,0.0
18256,0.0
18259,0.0
18262,0.0
18266,0.0
18270,0.0
18272,0.0
18275,0.0
18281,0.0
18285,0.0
18290,0.0
18302,0.0
18303,0.0
18310,0.0
18313,0.0
18314,0.0
18315,0.0
18318,0.0
18320,0.0
18322,0.0
18324,0.0
18325,0.0
18327,0.0
18328,0.0
18329,0.0
18333,0.0
18339,0.0
18341,0.0
18342,0.0
18346,0.0
18347,0.0
18348,0.0
18350,0.0
18352,0.0
18354,0.0
18355,0.0
18358,0.0
18360,0.0
18370,0.0
18371,0.0
18372,0.0
18373,0.0
18376,0.0
18380,0.0
18385,0.0
18391,0.0
18392,0.0
18393,0.0
18396,0.0
18397,0.0
18398,0.0
18399,0.0
18401,0.0
18402,0.0
18403,0.0
18405,0.0
18406,0.0
18408,0.0
18409,0.0
18411,0.0
18414,0.0
18415,0.0
18417,0.0
18430,0.0
18431,0.0
18433,0.0
18434,0.0
18440,0.0
18445,0.0
18448,0.0
18451,0.0
18453,0.0
18455,0.0
18460,0.0
18462,0.0
18463,0.0
18466,0.0
18469,0.0
18471,0.0
18476,0.0
18484,0.0
18486,0.0
18488,0.0
18492,0.0
18493,0.0
18494,0.0
18497,0.0
18499,0.0
18501,0.0
18503,0.0
18504,0.0
18506,0.0
18510,0.0
18516,0.0
18519,0.0
18520,0.0
18521,0.0
18522,0.0
18523,0.0
18524,0.0
18525,0.0
18527,0.0
18528,0.0
18529,0.0
18530,0.0
18531,0.0
18544,0.0
18546,0.0
18550,0.0
18554,0.0
18561,0.0
18565,0.0
18567,0.0
18569,0.0
18571,0.0
18572,0.0
18574,0.0
18575,0.0
18577,0.0
18578,0.0
18579,0.0
18583,0.0
18586,0.0
18590,0.0
18592,0.0
18594,0.0
18595,0.0
18604,0.0
18605,0.0
18606,0.0
18608,0.0
18610,0.0
18612,0.0
18615,0.0
18617,0.0
18621,0.0
18622,0.0
18625,0.0
18627,0.0
18630,0.0
18634,0.0
18645,0.0
18647,0.0
18651,0.0
18653,0.0
18657,0.0
18659,0.0
18660,0.0
18663,0.0
18666,0.0
18671,0.0
18678,0.0
18679,0.0
18680,0.0
18682,0.0
18684,0.0
18688,0.0
18692,0.0
18693,0.0
18697,0.0
18698,0.0
18699,0.0
18700,0.0
18704,0.0
18705,0.0
18708,0.0
18710,0.0
18714,0.0
18717,0.0
18720,0.0
18722,0.0
18723,0.0
18730,0.0
18731,0.0
18734,0.0
18738,0.0
18739,0.0
18744,0.0
18747,0.0
18749,0.0
18750,0.0
18752,0.0
18754,0.0
18756,0.0
18759,0.0
18762,0.0
18763,0.0
18764,0.0
18770,0.0
18771,0.0
18773,0.0
18785,0.0
18794,0.0
18798,0.0
18800,0.0
18812,0.0
18815,0.0
18822,0.0
18824,0.0
18834,0.0
18838,0.0
18839,0.0
18848,0.0
18853,0.0
18856,0.0
18858,0.0
18861,0.0
18863,0.0
18868,0.0
18870,0.0
18874,0.0
18877,0.0
18882,0.0
18888,0.0
18889,0.0
18890,0.0
18896,0.0
18898,0.0
18901,0.0
18905,0.0
18913,0.0
18915,0.0
18916,0.0
18923,0.0
18926,0.0
18927,0.0
18928,0.0
18929,0.0
18930,0.0
18946,0.0
18950,0.0
18958,0.0
18960,0.0
18962,0.0
18963,0.0
18965,0.0
18967,0.0
18973,0.0
18977,0.0
18978,0.0
18992,0.0
18995,0.0
18996,0.0
19002,0.0
19004,0.0
19007,0.0
19013,0.0
19020,0.0
19024,0.0
19025,0.0
19028,0.0
19029,0.0
19037,0.0
19038,0.0
19039,0.0
19044,0.0
19046,0.0
19051,0.0
19053,0.0
19055,0.0
19056,0.0
19057,0.0
19059,0.0
19060,0.0
19061,0.0
19069,0.0
19072,0.0
19076,0.0
19079,0.0
19081,0.0
19085,0.0
19089,0.0
19096,0.0
19097,0.0
19098,0.0
19105,0.0
19106,0.0
19113,0.0
19115,0.0
19119,0.0
19122,0.0
19130,0.0
19134,0.0
19135,0.0
19136,0.0
19139,0.0
19140,0.0
19144,0.0
19148,0.0
19151,0.0
19155,0.0
19161,0.0
19166,0.0
19181,0.0
19182,0.0
19184,0.0
19190,0.0
19191,0.0
19193,0.0
19195,0.0
19198,0.0
19200,0.0
19202,0.0
19207,0.0
19211,0.0
19216,0.0
19221,0.0
19226,0.0
19227,0.0
19228,0.0
19230,0.0
19233,0.0
19238,0.0
19240,0.0
19241,0.0
19242,0.0
19243,0.0
19246,0.0
19255,0.0
19257,0.0
19263,0.0
19267,0.0
19268,0.0
19269,0.0
19273,0.0
19278,0.0
19280,0.0
19283,0.0
19284,0.0
19287,0.0
19288,0.0
19289,0.0
19294,0.0
19296,0.0
19297,0.0
19300,0.0
19301,0.0
19305,0.0
19309,0.0
19312,0.0
19313,0.0
19314,0.0
19318,0.0
19321,0.0
19332,0.0
19342,0.0
19343,0.0
19344,0.0
19345,0.0
19347,0.0
19351,0.0
19352,0.0
19353,0.0
19360,0.0
19364,0.0
19369,0.0
19381,0.0
19382,0.0
19394,0.0
19397,0.0
19399,0.0
19400,0.0
19401,0.0
19407,0.0
19409,0.0
19412,0.0
19417,0.0
19418,0.0
19419,0.0
19421,0.0
19422,0.0
19423,0.0
19425,0.0
19430,0.0
19431,0.0
19432,0.0
19438,0.0
19440,0.0
19444,0.0
19447,0.0
19448,0.0
19454,0.0
19456,0.0
19460,0.0
19461,0.0
19462,0.0
19465,0.0
19468,0.0
19469,0.0
19474,0.0
19477,0.0
19484,0.0
19485,0.0
19488,0.0
19489,0.0
19493,0.0
19512,0.0
19516,0.0
19518,0.0
19524,0.0
19525,0.0
19531,0.0
19532,0.0
19535,0.0
19538,0.0
19542,0.0
19551,0.0
19556,0.0
19561,0.0
19566,0.0
19567,0.0
19568,0.0
19569,0.0
19570,0.0
19571,0.0
19573,0.0
19581,0.0
19582,0.0
19585,0.0
19586,0.0
19588,0.0
19589,0.0
19592,0.0
19595,0.0
19597,0.0
19601,0.0
19603,0.0
19604,0.0
19606,0.0
19611,0.0
19612,0.0
19617,0.0
19619,0.0
19623,0.0
19628,0.0
19630,0.0
19631,0.0
19633,0.0
19635,0.0
19636,0.0
19637,0.0
19638,0.0
19643,0.0
19644,0.0
19664,0.0
19672,0.0
19678,0.0
19681,0.0
19687,0.0
19693,0.0
19694,0.0
19695,0.0
19698,0.0
19699,0.0
19705,0.0
19706,0.0
19707,0.0
19709,0.0
19714,0.0
19715,0.0
19716,0.0
19717,0.0
19720,0.0
19721,0.0
19724,0.0
19730,0.0
19739,0.0
19740,0.0
19742,0.0
19744,0.0
19745,0.0
19746,0.0
19748,0.0
19749,0.0
19751,0.0
19755,0.0
19756,0.0
19757,0.0
19758,0.0
19760,0.0
19761,0.0
19765,0.0
19767,0.0
19769,0.0
19771,0.0
19776,0.0
19777,0.0
19780,0.0
19781,0.0
19784,0.0
19789,0.0
19791,0.0
19792,0.0
19794,0.0
19799,0.0
19801,0.0
19804,0.0
19808,0.0
19815,0.0
19816,0.0
19817,0.0
19818,0.0
19819,0.0
19821,0.0
19822,0.0
19823,0.0
19834,0.0
19837,0.0
19839,0.0
19841,0.0
19846,0.0
19847,0.0
19851,0.0
19852,0.0
19854,0.0
19855,0.0
19857,0.0
19862,0.0
19865,0.0
19875,0.0
19876,0.0
19880,0.0
19887,0.0
19892,0.0
19893,0.0
19904,0.0
19906,0.0
19911,0.0
19913,0.0
19914,0.0
19918,0.0
19920,0.0
19924,0.0
19933,0.0
19936,0.0
19941,0.0
19942,0.0
19945,0.0
19947,0.0
19950,0.0
19951,0.0
19957,0.0
19958,0.0
19960,0.0
19965,0.0
19967,0.0
19968,0.0
19969,0.0
19971,0.0
19975,0.0
19977,0.0
19979,0.0
19980,0.0
19982,0.0
19984,0.0
19985,0.0
19987,0.0
20000,0.0
20002,0.0
20011,0.0
20019,0.0
20020,0.0
20022,0.0
20024,0.0
20027,0.0
20028,0.0
20029,0.0
20037,0.0
20038,0.0
20042,0.0
20046,0.0
20050,0.0
20053,0.0
20057,0.0
20059,0.0
20060,0.0
20062,0.0
20063,0.0
20066,0.0
20071,0.0
20078,0.0
20080,0.0
20083,0.0
20086,0.0
20091,0.0
20092,0.0
20093,0.0
20094,0.0
20096,0.0
20097,0.0
20102,0.0
20103,0.0
20109,0.0
20111,0.0
20113,0.0
20114,0.0
20116,0.0
20121,0.0
20123,0.0
20128,0.0
20129,0.0
20133,0.0
20135,0.0
20137,0.0
20139,0.0
20141,0.0
20146,0.0
20149,0.0
20151,0.0
20153,0.0
20155,0.0
20157,0.0
20158,0.0
20159,0.0
20167,0.0
20170,0.0
20173,0.0
20175,0.0
20176,0.0
20177,0.0
20184,0.0
20187,0.0
20189,0.0
20191,0.0
20204,0.0
20208,0.0
20210,0.0
20217,0.0
20223,0.0
20224,0.0
20233,0.0
20237,0.0
20239,0.0
20242,0.0
20250,0.0
20253,0.0
20263,0.0
20266,0.0
20267,0.0
20271,0.0
20272,0.0
20277,0.0
20278,0.0
20282,0.0
20284,0.0
20293,0.0
20296,0.0
20297,0.0
20302,0.0
20306,0.0
20312,0.0
20313,0.0
20316,0.0
20317,0.0
20318,0.0
20321,0.0
20324,0.0
20325,0.0
20329,0.0
20330,0.0
20336,0.0
20338,0.0
20340,0.0
20341,0.0
20351,0.0
20353,0.0
20355,0.0
20357,0.0
20359,0.0
20360,0.0
20362,0.0
20368,0.0
20373,0.0
20377,0.0
20382,0.0
20385,0.0
20391,0.0
20397,0.0
20399,0.0
20400,0.0
20401,0.0
20408,0.0
20409,0.0
20411,0.0
20415,0.0
20417,0.0
20423,0.0
20425,0.0
20426,0.0
20427,0.0
20431,0.0
20433,0.0
20435,0.0
20437,0.0
20438,0.0
20443,0.0
20445,0.0
20446,0.0
20447,0.0
20450,0.0
20452,0.0
20453,0.0
20454,0.0
20456,0.0
20459,0.0
20460,0.0
20461,0.0
20462,0.0
20464,0.0
20482,0.0
20489,0.0
20493,0.0
20497,0.0
20498,0.0
20502,0.0
20506,0.0
20513,0.0
20515,0.0
20518,0.0
20522,0.0
20525,0.0
20526,0.0
20532,0.0
20534,0.0
20543,0.0
20544,0.0
20546,0.0
20549,0.0
20550,0.0
20559,0.0
20561,0.0
20564,0.0
20565,0.0
20567,0.0
20569,0.0
20570,0.0
20579,0.0
20581,0.0
20584,0.0
20585,0.0
20589,0.0
20593,0.0
20597,0.0
20601,0.0
20602,0.0
20607,0.0
20611,0.0
20612,0.0
20617,0.0
20625,0.0
20626,0.0
20630,0.0
20633,0.0
20634,0.0
20636,0.0
20639,0.0
20641,0.0
20642,0.0
20649,0.0
20650,0.0
20652,0.0
20653,0.0
20654,0.0
20655,0.0
20656,0.0
20660,0.0
20666,0.0
20670,0.0
20673,0.0
20679,0.0
20686,0.0
20687,0.0
20688,0.0
20689,0.0
20692,0.0
20694,0.0
20695,0.0
20697,0.0
20703,0.0
20704,0.0
20709,0.0
20710,0.0
20715,0.0
20716,0.0
20719,0.0
20720,0.0
20724,0.0
20727,0.0
20729,0.0
20731,0.0
20737,0.0
20743,0.0
20747,0.0
20749,0.0
20750,0.0
20755,0.0
20756,0.0
20764,0.0
20767,0.0
20768,0.0
20770,0.0
20771,0.0
20772,0.0
20774,0.0
20778,0.0
20780,0.0
20781,0.0
20786,0.0
20787,0.0
20790,0.0
20792,0.0
20801,0.0
20802,0.0
20805,0.0
20807,0.0
20812,0.0
20814,0.0
20816,0.0
20818,0.0
20823,0.0
20825,0.0
20830,0.0
20831,0.0
20833,0.0
20839,0.0
20845,0.0
20846,0.0
20847,0.0
20851,0.0
20852,0.0
20855,0.0
20857,0.0
20859,0.0
20861,0.0
20862,0.0
20864,0.0
20870,0.0
20877,0.0
20886,0.0
20887,0.0
20890,0.0
20894,0.0
20895,0.0
20897,0.0
20902,0.0
20903,0.0
20904,0.0
20906,0.0
20910,0.0
20914,0.0
20915,0.0
20916,0.0
20919,0.0
20923,0.0
20925,0.0
20933,0.0
20940,0.0
20941,0.0
20948,0.0
20951,0.0
20956,0.0
20959,0.0
20969,0.0
20974,0.0
20978,0.0
20980,0.0
20982,0.0
20983,0.0
20990,0.0
20994,0.0
20996,0.0
20999,0.0
21002,0.0
21003,0.0
21004,0.0
21005,0.0
21010,0.0
21011,0.0
21013,0.0
21015,0.0
21016,0.0
21017,0.0
21020,0.0
21024,0.0
21025,0.0
21027,0.0
21028,0.0
21046,0.0
21048,0.0
21051,0.0
21055,0.0
21061,0.0
21063,0.0
21070,0.0
21072,0.0
21073,0.0
21075,0.0
21077,0.0
21080,0.0
21084,0.0
21085,0.0
21088,0.0
21094,0.0
21097,0.0
21099,0.0
21104,0.0
21106,0.0
21107,0.0
21108,0.0
21109,0.0
21110,0.0
21111,0.0
21113,0.0
21119,0.0
21120,0.0
21123,0.0
21126,0.0
21127,0.0
21128,0.0
21130,0.0
21134,0.0
21138,0.0
21144,0.0
21145,0.0
21146,0.0
21147,0.0
21153,0.0
21157,0.0
21158,0.0
21160,0.0
21161,0.0
21163,0.0
21169,0.0
21170,0.0
21172,0.0
21174,0.0
21178,0.0
21185,0.0
21187,0.0
21188,0.0
21191,0.0
21192,0.0
21193,0.0
21194,0.0
21199,0.0
21203,0.0
21205,0.0
21206,0.0
21207,0.0
21211,0.0
21212,0.0
21213,0.0
21215,0.0
21216,0.0
21217,0.0
21219,0.0
21221,0.0
21225,0.0
21226,0.0
21227,0.0
21230,0.0
21231,0.0
21235,0.0
21237,0.0
21241,0.0
21245,0.0
21248,0.0
21252,0.0
21253,0.0
21254,0.0
21260,0.0
21262,0.0
21263,0.0
21264,0.0
21265,0.0
21274,0.0
21276,0.0
21284,0.0
21289,0.0
21292,0.0
21294,0.0
21295,0.0
21306,0.0
21309,0.0
21314,0.0
21318,0.0
21319,0.0
21322,0.0
21324,0.0
21327,0.0
21328,0.0
21331,0.0
21336,0.0
21337,0.0
21338,0.0
21339,0.0
21344,0.0
21350,0.0
21352,0.0
21353,0.0
21354,0.0
21355,0.0
21356,0.0
21357,0.0
21359,0.0
21362,0.0
21364,0.0
21366,0.0
21367,0.0
21383,0.0
21385,0.0
21387,0.0
21388,0.0
21392,0.0
21397,0.0
21398,0.0
21401,0.0
21403,0.0
21406,0.0
21407,0.0
21408,0.0
21409,0.0
21411,0.0
21414,0.0
21415,0.0
21417,0.0
21421,0.0
21422,0.0
21430,0.0
21431,0.0
21433,0.0
21438,0.0
21443,0.0
21448,0.0
21457,0.0
21459,0.0
21460,0.0
21462,0.0
21465,0.0
21467,0.0
21468,0.0
21470,0.0
21477,0.0
21478,0.0
21479,0.0
21495,0.0
21502,0.0
21504,0.0
21514,0.0
21517,0.0
21518,0.0
21524,0.0
21526,0.0
21532,0.0
21537,0.0
21539,0.0
21540,0.0
21545,0.0
21547,0.0
21556,0.0
21559,0.0
21561,0.0
21562,0.0
21563,0.0
21564,0.0
21566,0.0
21570,0.0
21571,0.0
21572,0.0
21577,0.0
21579,0.0
21583,0.0
21584,0.0
21585,0.0
21586,0.0
21587,0.0
21589,0.0
21593,0.0
21594,0.0
21600,0.0
21604,0.0
21606,0.0
21608,0.0
21609,0.0
21612,0.0
21613,0.0
21618,0.0
21619,0.0
21628,0.0
21638,0.0
21642,0.0
21646,0.0
21647,0.0
21653,0.0
21654,0.0
21657,0.0
21659,0.0
21660,0.0
21662,0.0
21670,0.0
21675,0.0
21678,0.0
21680,0.0
21685,0.0
21686,0.0
21688,0.0
21693,0.0
21697,0.0
21698,0.0
21702,0.0
21709,0.0
21711,0.0
21713,0.0
21722,0.0
21737,0.0
21738,0.0
21741,0.0
21742,0.0
21745,0.0
21749,0.0
21753,0.0
21754,0.0
21755,0.0
21758,0.0
21759,0.0
21763,0.0
21764,0.0
21765,0.0
21766,0.0
21767,0.0
21768,0.0
21769,0.0
21771,0.0
21775,0.0
21780,0.0
21791,0.0
21793,0.0
21802,0.0
21803,0.0
21808,0.0
21812,0.0
21813,0.0
21815,0.0
21819,0.0
21820,0.0
21821,0.0
21822,0.0
21823,0.0
21825,0.0
21826,0.0
21828,0.0
21831,0.0
21833,0.0
21835,0.0
21839,0.0
21840,0.0
21842,0.0
21844,0.0
21846,0.0
21848,0.0
21850,0.0
21852,0.0
21853,0.0
21858,0.0
21860,0.0
21861,0.0
21863,0.0
21865,0.0
21868,0.0
21875,0.0
21881,0.0
21883,0.0
21884,0.0
21890,0.0
21891,0.0
21892,0.0
21893,0.0
21894,0.0
21896,0.0
21898,0.0
21903,0.0
21906,0.0
21908,0.0
21910,0.0
21912,0.0
21920,0.0
21922,0.0
21923,0.0
21932,0.0
21941,0.0
21945,0.0
21947,0.0
21948,0.0
21950,0.0
21955,0.0
21958,0.0
21961,0.0
21964,0.0
21965,0.0
21969,0.0
21970,0.0
21974,0.0
21982,0.0
21984,0.0
21989,0.0
21991,0.0
21993,0.0
21994,0.0
22007,0.0
22011,0.0
22012,0.0
22016,0.0
22018,0.0
22019,0.0
22024,0.0
22026,0.0
22027,0.0
22031,0.0
22033,0.0
22037,0.0
22050,0.0
22053,0.0
22055,0.0
22059,0.0
22062,0.0
22063,0.0
22064,0.0
22069,0.0
22070,0.0
22072,0.0
22078,0.0
22079,0.0
22082,0.0
22085,0.0
22087,0.0
22089,0.0
22100,0.0
22108,0.0
22114,0.0
22118,0.0
22121,0.0
22123,0.0
22124,0.0
22126,0.0
22129,0.0
22135,0.0
22138,0.0
22143,0.0
22144,0.0
22151,0.0
22167,0.0
22168,0.0
22169,0.0
22171,0.0
22172,0.0
22174,0.0
22184,0.0
22188,0.0
22189,0.0
22190,0.0
22196,0.0
22198,0.0
22201,0.0
22208,0.0
22209,0.0
22210,0.0
22227,0.0
22230,0.0
22238,0.0
22241,0.0
22243,0.0
22255,0.0
22256,0.0
22261,0.0
22262,0.0
22264,0.0
22268,0.0
22271,0.0
22272,0.0
22273,0.0
22277,0.0
22278,0.0
22281,0.0
22283,0.0
22286,0.0
22288,0.0
22289,0.0
22291,0.0
22292,0.0
22293,0.0
22298,0.0
22301,0.0
22307,0.0
22310,0.0
22312,0.0
22313,0.0
22315,0.0
22316,0.0
22320,0.0
22321,0.0
22327,0.0
22330,0.0
22333,0.0
22335,0.0
22336,0.0
22344,0.0
22346,0.0
22349,0.0
22356,0.0
22357,0.0
22362,0.0
22366,0.0
22370,0.0
22376,0.0
22377,0.0
22379,0.0
22385,0.0
22387,0.0
22388,0.0
22396,0.0
22397,0.0
22400,0.0
22403,0.0
22405,0.0
22410,0.0
22413,0.0
22414,0.0
22415,0.0
22417,0.0
22421,0.0
22422,0.0
22433,0.0
22435,0.0
22438,0.0
22439,0.0
22450,0.0
22451,0.0
22453,0.0
22457,0.0
22465,0.0
22467,0.0
22468,0.0
22470,0.0
22472,0.0
22474,0.0
22475,0.0
22478,0.0
22483,0.0
22485,0.0
22488,0.0
22489,0.0
22491,0.0
22493,0.0
22496,0.0
22497,0.0
22503,0.0
22504,0.0
22505,0.0
22509,0.0
22511,0.0
22512,0.0
22513,0.0
22514,0.0
22515,0.0
22517,0.0
22518,0.0
22522,0.0
22525,0.0
22526,0.0
22532,0.0
22538,0.0
22543,0.0
22545,0.0
22548,0.0
22550,0.0
22554,0.0
22556,0.0
22559,0.0
22562,0.0
22567,0.0
22571,0.0
22573,0.0
22580,0.0
22584,0.0
22586,0.0
22589,0.0
22590,0.0
22591,0.0
22595,0.0
22598,0.0
22604,0.0
22605,0.0
22615,0.0
22623,0.0
22624,0.0
22625,0.0
22628,0.0
22629,0.0
22633,0.0
22638,0.0
22640,0.0
22647,0.0
22648,0.0
22651,0.0
22652,0.0
22657,0.0
22660,0.0
22661,0.0
22663,0.0
22665,0.0
22670,0.0
22671,0.0
22672,0.0
22685,0.0
22686,0.0
22688,0.0
22689,0.0
22691,0.0
22692,0.0
22693,0.0
22698,0.0
22699,0.0
22700,0.0
22701,0.0
22705,0.0
22717,0.0
22718,0.0
22721,0.0
22722,0.0
22726,0.0
22735,0.0
22746,0.0
22751,0.0
22756,0.0
22757,0.0
22759,0.0
22761,0.0
22762,0.0
22763,0.0
22766,0.0
22768,0.0
22769,0.0
22771,0.0
22772,0.0
22773,0.0
22775,0.0
22782,0.0
22783,0.0
22791,0.0
22797,0.0
22801,0.0
22805,0.0
22807,0.0
22815,0.0
22816,0.0
22817,0.0
22818,0.0
22821,0.0
22828,0.0
22829,0.0
22831,0.0
22832,0.0
22835,0.0
22838,0.0
22843,0.0
22846,0.0
22848,0.0
22854,0.0
22861,0.0
22862,0.0
22864,0.0
22868,0.0
22871,0.0
22874,0.0
22878,0.0
22880,0.0
22885,0.0
22887,0.0
22891,0.0
22892,0.0
22893,0.0
22894,0.0
22900,0.0
22902,0.0
22906,0.0
22907,0.0
22909,0.0
22913,0.0
22914,0.0
22915,0.0
22916,0.0
22917,0.0
22918,0.0
22920,0.0
22921,0.0
22924,0.0
22926,0.0
22927,0.0
22928,0.0
22941,0.0
22952,0.0
22953,0.0
22959,0.0
22961,0.0
22962,0.0
22963,0.0
22970,0.0
22972,0.0
22977,0.0
22983,0.0
22984,0.0
22986,0.0
22990,0.0
22991,0.0
22994,0.0
22995,0.0
22996,0.0
22997,0.0
22999,0.0
23004,0.0
23008,0.0
23009,0.0
23015,0.0
23018,0.0
23019,0.0
23023,0.0
23030,0.0
23033,0.0
23037,0.0
23041,0.0
23042,0.0
23043,0.0
23048,0.0
23050,0.0
23055,0.0
23056,0.0
23058,0.0
23062,0.0
23065,0.0
23069,0.0
23070,0.0
23073,0.0
23074,0.0
23079,0.0
23081,0.0
23083,0.0
23085,0.0
23086,0.0
23091,0.0
23093,0.0
23094,0.0
23097,0.0
23103,0.0
23105,0.0
23116,0.0
23117,0.0
23119,0.0
23121,0.0
23122,0.0
23123,0.0
23124,0.0
23133,0.0
23136,0.0
23138,0.0
23139,0.0
23156,0.0
23162,0.0
23163,0.0
23166,0.0
23168,0.0
23173,0.0
23176,0.0
23177,0.0
23183,0.0
23184,0.0
23185,0.0
23187,0.0
23188,0.0
23194,0.0
23197,0.0
23199,0.0
23203,0.0
23206,0.0
23208,0.0
23209,0.0
23214,0.0
23221,0.0
23222,0.0
23224,0.0
23225,0.0
23226,0.0
23227,0.0
23228,0.0
23229,0.0
23230,0.0
23231,0.0
23233,0.0
23234,0.0
23236,0.0
23238,0.0
23242,0.0
23243,0.0
23246,0.0
23247,0.0
23248,0.0
23249,0.0
23252,0.0
23254,0.0
23257,0.0
23263,0.0
23264,0.0
23266,0.0
23269,0.0
23274,0.0
23275,0.0
23280,0.0
23283,0.0
23285,0.0
23288,0.0
23290,0.0
23291,0.0
23299,0.0
23306,0.0
23312,0.0
23314,0.0
23316,0.0
23319,0.0
23320,0.0
23323,0.0
23326,0.0
23329,0.0
23333,0.0
23335,0.0
23341,0.0
23347,0.0
23350,0.0
23351,0.0
23353,0.0
23357,0.0
23358,0.0
23364,0.0
23365,0.0
23366,0.0
23369,0.0
23372,0.0
23374,0.0
23375,0.0
23378,0.0
23382,0.0
23384,0.0
23387,0.0
23388,0.0
23390,0.0
23391,0.0
23393,0.0
23401,0.0
23403,0.0
23405,0.0
23410,0.0
23423,0.0
23426,0.0
23429,0.0
23432,0.0
23439,0.0
23440,0.0
23441,0.0
23444,0.0
23446,0.0
23450,0.0
23452,0.0
23457,0.0
23458,0.0
23463,0.0
23464,0.0
23468,0.0
23470,0.0
23480,0.0
23481,0.0
23484,0.0
23485,0.0
23487,0.0
23490,0.0
23503,0.0
23506,0.0
23510,0.0
23517,0.0
23518,0.0
23529,0.0
23534,0.0
23540,0.0
23545,0.0
23546,0.0
23552,0.0
23554,0.0
23564,0.0
23565,0.0
23566,0.0
23572,0.0
23577,0.0
23580,0.0
23586,0.0
23587,0.0
23591,0.0
23593,0.0
23596,0.0
23600,0.0
23604,0.0
23607,0.0
23608,0.0
23609,0.0
23611,0.0
23614,0.0
23619,0.0
23621,0.0
23625,0.0
23629,0.0
23633,0.0
23636,0.0
23637,0.0
23638,0.0
23641,0.0
23642,0.0
23643,0.0
23645,0.0
23650,0.0
23654,0.0
23663,0.0
23664,0.0
23665,0.0
23670,0.0
23675,0.0
23676,0.0
23677,0.0
23680,0.0
23682,0.0
23685,0.0
23687,0.0
23695,0.0
23696,0.0
23698,0.0
23707,0.0
23712,0.0
23716,0.0
23717,0.0
23721,0.0
23722,0.0
23723,0.0
23726,0.0
23727,0.0
23735,0.0
23736,0.0
23738,0.0
23739,0.0
23741,0.0
23748,0.0
23752,0.0
23753,0.0
23755,0.0
23761,0.0
23762,0.0
23763,0.0
23767,0.0
23769,0.0
23773,0.0
23774,0.0
23775,0.0
23776,0.0
23778,0.0
23785,0.0
23790,0.0
23792,0.0
23796,0.0
23797,0.0
23812,0.0
23814,0.0
23821,0.0
23823,0.0
23826,0.0
23829,0.0
23831,0.0
23838,0.0
23843,0.0
23844,0.0
23845,0.0
23852,0.0
23855,0.0
23871,0.0
23872,0.0
23873,0.0
23877,0.0
23879,0.0
23881,0.0
23884,0.0
23885,0.0
23888,0.0
23892,0.0
23894,0.0
23899,0.0
23900,0.0
23902,0.0
23906,0.0
23907,0.0
23908,0.0
23913,0.0
23914,0.0
23915,0.0
23916,0.0
23918,0.0
23921,0.0
23922,0.0
23925,0.0
23928,0.0
23929,0.0
23931,0.0
23933,0.0
23936,0.0
23938,0.0
23941,0.0
23942,0.0
23946,0.0
23949,0.0
23950,0.0
23953,0.0
23955,0.0
23962,0.0
23963,0.0
23968,0.0
23975,0.0
23977,0.0
23978,0.0
23979,0.0
23981,0.0
23983,0.0
23985,0.0
23991,0.0
23998,0.0
24001,0.0
24008,0.0
24012,0.0
24015,0.0
24016,0.0
24018,0.0
24023,0.0
24029,0.0
24031,0.0
24032,0.0
24033,0.0
24038,0.0
24041,0.0
24047,0.0
24050,0.0
24060,0.0
24063,0.0
24064,0.0
24068,0.0
24069,0.0
24070,0.0
24072,0.0
24080,0.0
24081,0.0
24084,0.0
24085,0.0
24087,0.0
24088,0.0
24089,0.0
24091,0.0
24092,0.0
24093,0.0
24094,0.0
24098,0.0
24099,0.0
24101,0.0
24102,0.0
24103,0.0
24106,0.0
24107,0.0
24108,0.0
24112,0.0
24113,0.0
24114,0.0
24119,0.0
24121,0.0
24129,0.0
24131,0.0
24133,0.0
24140,0.0
24144,0.0
24146,0.0
24148,0.0
24149,0.0
24154,0.0
24158,0.0
24162,0.0
24163,0.0
24167,0.0
24168,0.0
24169,0.0
24172,0.0
24177,0.0
24178,0.0
24179,0.0
24183,0.0
24186,0.0
24189,0.0
24190,0.0
24191,0.0
24195,0.0
24197,0.0
24200,0.0
24201,0.0
24203,0.0
24205,0.0
24207,0.0
24210,0.0
24211,0.0
24215,0.0
24218,0.0
24220,0.0
24231,0.0
24232,0.0
24233,0.0
24237,0.0
24238,0.0
24241,0.0
24243,0.0
24244,0.0
24245,0.0
24249,0.0
24250,0.0
24252,0.0
24253,0.0
24254,0.0
24257,0.0
24259,0.0
24262,0.0
24268,0.0
24271,0.0
24272,0.0
24273,0.0
24274,0.0
24275,0.0
24278,0.0
24279,0.0
24281,0.0
24287,0.0
24289,0.0
24290,0.0
24291,0.0
24293,0.0
24294,0.0
24298,0.0
24300,0.0
24302,0.0
24303,0.0
24306,0.0
24308,0.0
24316,0.0
24318,0.0
24322,0.0
24331,0.0
24332,0.0
24335,0.0
24340,0.0
24342,0.0
24343,0.0
24345,0.0
24354,0.0
24361,0.0
24366,0.0
24367,0.0
24368,0.0
24378,0.0
24382,0.0
24384,0.0
24386,0.0
24389,0.0
24391,0.0
24392,0.0
24395,0.0
24396,0.0
24398,0.0
24399,0.0
24402,0.0
24406,0.0
24407,0.0
24408,0.0
24409,0.0
24412,0.0
24414,0.0
24415,0.0
24420,0.0
24423,0.0
24426,0.0
24429,0.0
24430,0.0
24432,0.0
24437,0.0
24439,0.0
24446,0.0
24447,0.0
24448,0.0
24449,0.0
24450,0.0
24452,0.0
24453,0.0
24455,0.0
24458,0.0
24459,0.0
24460,0.0
24462,0.0
24467,0.0
24470,0.0
24471,0.0
24474,0.0
24476,0.0
24477,0.0
24481,0.0
24482,0.0
24485,0.0
24486,0.0
24487,0.0
24491,0.0
24496,0.0
24498,0.0
24503,0.0
24509,0.0
24512,0.0
24521,0.0
24523,0.0
24524,0.0
24525,0.0
24527,0.0
24529,0.0
24531,0.0
24535,0.0
24544,0.0
24546,0.0
24547,0.0
24548,0.0
24552,0.0
24558,0.0
24561,0.0
24562,0.0
24567,0.0
24571,0.0
24572,0.0
24577,0.0
24578,0.0
24581,0.0
24583,0.0
24587,0.0
24590,0.0
24592,0.0
24593,0.0
24597,0.0
24599,0.0
24600,0.0
24605,0.0
24612,0.0
24619,0.0
24622,0.0
24623,0.0
24625,0.0
24627,0.0
24629,0.0
24630,0.0
24633,0.0
24637,0.0
24641,0.0
24645,0.0
24651,0.0
24653,0.0
24654,0.0
24655,0.0
24656,0.0
24659,0.0
24661,0.0
24663,0.0
24664,0.0
24666,0.0
24670,0.0
24671,0.0
24673,0.0
24676,0.0
24680,0.0
24688,0.0
24689,0.0
24690,0.0
24691,0.0
24693,0.0
24695,0.0
24698,0.0
24701,0.0
24703,0.0
24705,0.0
24707,0.0
24711,0.0
24714,0.0
24715,0.0
24723,0.0
24724,0.0
24737,0.0
24738,0.0
24740,0.0
24741,0.0
24745,0.0
24746,0.0
24753,0.0
24759,0.0
24760,0.0
24764,0.0
24767,0.0
24769,0.0
24773,0.0
24774,0.0
24783,0.0
24784,0.0
24787,0.0
24789,0.0
24791,0.0
24794,0.0
24798,0.0
24802,0.0
24803,0.0
24805,0.0
24806,0.0
24809,0.0
24814,0.0
24815,0.0
24818,0.0
24819,0.0
24821,0.0
24824,0.0
24826,0.0
24832,0.0
24833,0.0
24841,0.0
24842,0.0
24844,0.0
24845,0.0
24846,0.0
24847,0.0
24850,0.0
24852,0.0
24859,0.0
24868,0.0
24870,0.0
24873,0.0
24875,0.0
24876,0.0
24877,0.0
24880,0.0
24883,0.0
24888,0.0
24891,0.0
24895,0.0
24896,0.0
24897,0.0
24899,0.0
24905,0.0
24911,0.0
24918,0.0
24922,0.0
24930,0.0
24935,0.0
24938,0.0
24939,0.0
24943,0.0
24944,0.0
24947,0.0
24950,0.0
24955,0.0
24956,0.0
24958,0.0
24965,0.0
24968,0.0
24970,0.0
24977,0.0
24978,0.0
24980,0.0
24982,0.0
24984,0.0
24987,0.0
24991,0.0
24993,0.0
24994,0.0
25003,0.0
25011,0.0
25016,0.0
25019,0.0
25026,0.0
25027,0.0
25035,0.0
25037,0.0
25044,0.0
25050,0.0
25054,0.0
25056,0.0
25060,0.0
25061,0.0
25065,0.0
25067,0.0
25071,0.0
25072,0.0
25073,0.0
25074,0.0
25080,0.0
25081,0.0
25089,0.0
25092,0.0
25098,0.0
25100,0.0
25101,0.0
25102,0.0
25106,0.0
25110,0.0
25116,0.0
25119,0.0
25124,0.0
25126,0.0
25129,0.0
25132,0.0
25137,0.0
25140,0.0
25141,0.0
25148,0.0
25149,0.0
25152,0.0
25157,0.0
25165,0.0
25169,0.0
25172,0.0
25173,0.0
25174,0.0
25175,0.0
25176,0.0
25178,0.0
25179,0.0
25183,0.0
25187,0.0
25194,0.0
25196,0.0
25200,0.0
25201,0.0
25202,0.0
25203,0.0
25206,0.0
25213,0.0
25216,0.0
25219,0.0
25224,0.0
25235,0.0
25237,0.0
25239,0.0
25245,0.0
25250,0.0
25251,0.0
25253,0.0
25255,0.0
25259,0.0
25260,0.0
25261,0.0
25263,0.0
25276,0.0
25279,0.0
25280,0.0
25282,0.0
25283,0.0
25290,0.0
25291,0.0
25292,0.0
25293,0.0
25297,0.0
25298,0.0
25299,0.0
25301,0.0
25306,0.0
25313,0.0
25314,0.0
25319,0.0
25327,0.0
25328,0.0
25334,0.0
25342,0.0
25343,0.0
25348,0.0
25349,0.0
25353,0.0
25354,0.0
25355,0.0
25358,0.0
25359,0.0
25361,0.0
25364,0.0
25367,0.0
25376,0.0
25377,0.0
25382,0.0
25384,0.0
25386,0.0
25391,0.0
25404,0.0
25405,0.0
25411,0.0
25412,0.0
25413,0.0
25416,0.0
25417,0.0
25425,0.0
25434,0.0
25435,0.0
25436,0.0
25440,0.0
25443,0.0
25447,0.0
25450,0.0
25453,0.0
25454,0.0
25455,0.0
25457,0.0
25461,0.0
25463,0.0
25472,0.0
25478,0.0
25483,0.0
25484,0.0
25488,0.0
25490,0.0
25491,0.0
25493,0.0
25496,0.0
25497,0.0
25498,0.0
25501,0.0
25502,0.0
25505,0.0
25506,0.0
25511,0.0
25518,0.0
25519,0.0
25520,0.0
25527,0.0
25534,0.0
25537,0.0
25540,0.0
25542,0.0
25547,0.0
25549,0.0
25553,0.0
25554,0.0
25557,0.0
25559,0.0
25560,0.0
25561,0.0
25571,0.0
25575,0.0
25576,0.0
25577,0.0
25578,0.0
25584,0.0
25590,0.0
25592,0.0
25595,0.0
25597,0.0
25600,0.0
25602,0.0
25605,0.0
25609,0.0
25610,0.0
25615,0.0
25618,0.0
25627,0.0
25632,0.0
25635,0.0
25636,0.0
25637,0.0
25644,0.0
25648,0.0
25650,0.0
25655,0.0
25657,0.0
25662,0.0
25663,0.0
25667,0.0
25668,0.0
25670,0.0
25672,0.0
25675,0.0
25684,0.0
25685,0.0
25686,0.0
25692,0.0
25693,0.0
25694,0.0
25697,0.0
25700,0.0
25701,0.0
25702,0.0
25704,0.0
25705,0.0
25706,0.0
25707,0.0
25708,0.0
25711,0.0
25713,0.0
25714,0.0
25719,0.0
25724,0.0
25725,0.0
25727,0.0
25728,0.0
25730,0.0
25733,0.0
25735,0.0
25738,0.0
25742,0.0
25745,0.0
25747,0.0
25752,0.0
25754,0.0
25756,0.0
25758,0.0
25762,0.0
25764,0.0
25769,0.0
25771,0.0
25772,0.0
25776,0.0
25779,0.0
25784,0.0
25787,0.0
25788,0.0
25789,0.0
25800,0.0
25801,0.0
25802,0.0
25804,0.0
25810,0.0
25812,0.0
25814,0.0
25815,0.0
25819,0.0
25823,0.0
25825,0.0
25827,0.0
25831,0.0
25832,0.0
25834,0.0
25835,0.0
25838,0.0
25839,0.0
25841,0.0
25845,0.0
25846,0.0
25848,0.0
25852,0.0
25854,0.0
25855,0.0
25857,0.0
25859,0.0
25869,0.0
25871,0.0
25872,0.0
25880,0.0
25881,0.0
25882,0.0
25883,0.0
25885,0.0
25887,0.0
25892,0.0
25893,0.0
25895,0.0
25896,0.0
25897,0.0
25900,0.0
25904,0.0
25905,0.0
25906,0.0
25908,0.0
25910,0.0
25915,0.0
25916,0.0
25917,0.0
25920,0.0
25926,0.0
25927,0.0
25931,0.0
25933,0.0
25934,0.0
25936,0.0
25937,0.0
25939,0.0
25941,0.0
25942,0.0
25943,0.0
25945,0.0
25947,0.0
25948,0.0
25950,0.0
25955,0.0
25957,0.0
25958,0.0
25962,0.0
25965,0.0
25968,0.0
25969,0.0
25973,0.0
25975,0.0
25980,0.0
25981,0.0
25987,0.0
25993,0.0
25994,0.0
26001,0.0
26003,0.0
26006,0.0
26010,0.0
26012,0.0
26013,0.0
26016,0.0
26017,0.0
26018,0.0
26023,0.0
26025,0.0
26026,0.0
26029,0.0
26030,0.0
26031,0.0
26034,0.0
26035,0.0
26036,0.0
26047,0.0
26048,0.0
26050,0.0
26054,0.0
26059,0.0
26061,0.0
26062,0.0
26067,0.0
26070,0.0
26078,0.0
26080,0.0
26085,0.0
26087,0.0
26090,0.0
26091,0.0
26109,0.0
26111,0.0
26122,0.0
26129,0.0
26131,0.0
26132,0.0
26134,0.0
26137,0.0
26139,0.0
26143,0.0
26145,0.0
26150,0.0
26151,0.0
26155,0.0
26161,0.0
26164,0.0
26165,0.0
26169,0.0
26172,0.0
26173,0.0
26175,0.0
26177,0.0
26179,0.0
26180,0.0
26182,0.0
26183,0.0
26186,0.0
26187,0.0
26190,0.0
26191,0.0
26193,0.0
26194,0.0
26201,0.0
26202,0.0
26206,0.0
26208,0.0
26210,0.0
26211,0.0
26212,0.0
26213,0.0
26214,0.0
26215,0.0
26219,0.0
26221,0.0
26226,0.0
26227,0.0
26230,0.0
26235,0.0
26238,0.0
26246,0.0
26247,0.0
26248,0.0
26253,0.0
26256,0.0
26257,0.0
26259,0.0
26262,0.0
26263,0.0
26264,0.0
26265,0.0
26266,0.0
26267,0.0
26269,0.0
26272,0.0
26274,0.0
26276,0.0
26278,0.0
26282,0.0
26283,0.0
26286,0.0
26287,0.0
26293,0.0
26301,0.0
26302,0.0
26303,0.0
26304,0.0
26308,0.0
26309,0.0
26310,0.0
26312,0.0
26319,0.0
26320,0.0
26325,0.0
26327,0.0
26329,0.0
26331,0.0
26338,0.0
26345,0.0
26349,0.0
26362,0.0
26363,0.0
26365,0.0
26366,0.0
26369,0.0
26375,0.0
26376,0.0
26380,0.0
26387,0.0
26393,0.0
26394,0.0
26397,0.0
26398,0.0
26403,0.0
26404,0.0
26405,0.0
26411,0.0
26415,0.0
26417,0.0
26422,0.0
26430,0.0
26436,0.0
26437,0.0
26444,0.0
26446,0.0
26454,0.0
26455,0.0
26460,0.0
26462,0.0
26466,0.0
26470,0.0
26471,0.0
26476,0.0
26477,0.0
26478,0.0
26480,0.0
26481,0.0
26485,0.0
26486,0.0
26488,0.0
26491,0.0
26493,0.0
26496,0.0
26497,0.0
26498,0.0
26499,0.0
26500,0.0
26502,0.0
26503,0.0
26504,0.0
26505,0.0
26511,0.0
26521,0.0
26526,0.0
26529,0.0
26536,0.0
26540,0.0
26542,0.0
26545,0.0
26551,0.0
26554,0.0
26556,0.0
26557,0.0
26559,0.0
26562,0.0
26566,0.0
26570,0.0
26572,0.0
26573,0.0
26576,0.0
26578,0.0
26581,0.0
26583,0.0
26586,0.0
26588,0.0
26590,0.0
26594,0.0
26598,0.0
26604,0.0
26605,0.0
26607,0.0
26610,0.0
26611,0.0
26612,0.0
26613,0.0
26617,0.0
26619,0.0
26620,0.0
26622,0.0
26624,0.0
26626,0.0
26636,0.0
26637,0.0
26639,0.0
26640,0.0
26643,0.0
26645,0.0
26648,0.0
26652,0.0
26656,0.0
26658,0.0
26670,0.0
26673,0.0
26676,0.0
26680,0.0
26681,0.0
26685,0.0
26686,0.0
26687,0.0
26693,0.0
26698,0.0
26700,0.0
26702,0.0
26705,0.0
26706,0.0
26710,0.0
26716,0.0
26718,0.0
26719,0.0
26720,0.0
26721,0.0
26722,0.0
26723,0.0
26729,0.0
26731,0.0
26735,0.0
26736,0.0
26737,0.0
26739,0.0
26740,0.0
26744,0.0
26745,0.0
26746,0.0
26752,0.0
26754,0.0
26756,0.0
26757,0.0
26758,0.0
26764,0.0
26769,0.0
26774,0.0
26776,0.0
26777,0.0
26778,0.0
26782,0.0
26784,0.0
26785,0.0
26786,0.0
26788,0.0
26790,0.0
26794,0.0
26800,0.0
26801,0.0
26804,0.0
26805,0.0
26816,0.0
26819,0.0
26822,0.0
26829,0.0
26835,0.0
26836,0.0
26838,0.0
26842,0.0
26845,0.0
26852,0.0
26854,0.0
26859,0.0
26862,0.0
26865,0.0
26870,0.0
26873,0.0
26875,0.0
26881,0.0
26882,0.0
26883,0.0
26884,0.0
26885,0.0
26887,0.0
26889,0.0
26895,0.0
26899,0.0
26900,0.0
26902,0.0
26904,0.0
26906,0.0
26908,0.0
26909,0.0
26911,0.0
26913,0.0
26915,0.0
26917,0.0
26919,0.0
26920,0.0
26922,0.0
26927,0.0
26929,0.0
26930,0.0
26933,0.0
26934,0.0
26935,0.0
26936,0.0
26937,0.0
26940,0.0
26944,0.0
26945,0.0
26948,0.0
26951,0.0
26955,0.0
26956,0.0
26961,0.0
26964,0.0
26969,0.0
26971,0.0
26973,0.0
26978,0.0
26981,0.0
26983,0.0
26985,0.0
26986,0.0
26988,0.0
26991,0.0
26999,0.0
27004,0.0
27012,0.0
27013,0.0
27016,0.0
27025,0.0
27026,0.0
27028,0.0
27029,0.0
27035,0.0
27038,0.0
27040,0.0
27042,0.0
27044,0.0
27045,0.0
27054,0.0
27058,0.0
27059,0.0
27061,0.0
27063,0.0
27071,0.0
27073,0.0
27075,0.0
27079,0.0
27081,0.0
27082,0.0
27083,0.0
27089,0.0
27091,0.0
27096,0.0
27098,0.0
27099,0.0
27101,0.0
27103,0.0
27109,0.0
27113,0.0
27114,0.0
27115,0.0
27116,0.0
27117,0.0
27120,0.0
27124,0.0
27128,0.0
27129,0.0
27132,0.0
27137,0.0
27138,0.0
27139,0.0
27140,0.0
27144,0.0
27145,0.0
27148,0.0
27149,0.0
27151,0.0
27156,0.0
27158,0.0
27160,0.0
27162,0.0
27169,0.0
27171,0.0
27172,0.0
27178,0.0
27179,0.0
27182,0.0
27185,0.0
27188,0.0
27189,0.0
27192,0.0
27199,0.0
27201,0.0
27206,0.0
27211,0.0
27214,0.0
27217,0.0
27219,0.0
27225,0.0
27229,0.0
27233,0.0
27237,0.0
27238,0.0
27239,0.0
27253,0.0
27255,0.0
27257,0.0
27258,0.0
27259,0.0
27263,0.0
27267,0.0
27274,0.0
27275,0.0
27278,0.0
27280,0.0
27283,0.0
27284,0.0
27286,0.0
27288,0.0
27289,0.0
27291,0.0
27293,0.0
27294,0.0
27295,0.0
27296,0.0
27299,0.0
27306,0.0
27311,0.0
27314,0.0
27317,0.0
27318,0.0
27321,0.0
27326,0.0
27334,0.0
27337,0.0
27341,0.0
27342,0.0
27344,0.0
27345,0.0
27348,0.0
27349,0.0
27350,0.0
27353,0.0
27356,0.0
27357,0.0
27369,0.0
27371,0.0
27372,0.0
27373,0.0
27374,0.0
27379,0.0
27380,0.0
27384,0.0
27386,0.0
27390,0.0
27391,0.0
27397,0.0
27399,0.0
27400,0.0
27406,0.0
27408,0.0
27411,0.0
27413,0.0
27415,0.0
27416,0.0
27421,0.0
27423,0.0
27426,0.0
27430,0.0
27431,0.0
27432,0.0
27435,0.0
27436,0.0
27437,0.0
27438,0.0
27441,0.0
27442,0.0
27447,0.0
27451,0.0
27455,0.0
27461,0.0
27462,0.0
27464,0.0
27467,0.0
27468,0.0
27469,0.0
27470,0.0
27473,0.0
27477,0.0
27479,0.0
27483,0.0
27488,0.0
27495,0.0
27497,0.0
27498,0.0
27501,0.0
27502,0.0
27505,0.0
27519,0.0
27526,0.0
27528,0.0
27529,0.0
27536,0.0
27540,0.0
27543,0.0
27544,0.0
27554,0.0
27562,0.0
27563,0.0
27565,0.0
27569,0.0
27575,0.0
27577,0.0
27588,0.0
27589,0.0
27591,0.0
27599,0.0
27602,0.0
27605,0.0
27608,0.0
27609,0.0
27619,0.0
27620,0.0
27623,0.0
27624,0.0
27625,0.0
27627,0.0
27630,0.0
27631,0.0
27636,0.0
27643,0.0
27647,0.0
27649,0.0
27650,0.0
27651,0.0
27652,0.0
27655,0.0
27657,0.0
27663,0.0
27674,0.0
27678,0.0
27680,0.0
27682,0.0
27683,0.0
27684,0.0
27689,0.0
27690,0.0
27693,0.0
27699,0.0
27705,0.0
27715,0.0
27716,0.0
27717,0.0
27720,0.0
27725,0.0
27726,0.0
27735,0.0
27739,0.0
27740,0.0
27741,0.0
27744,0.0
27746,0.0
27748,0.0
27751,0.0
27765,0.0
27766,0.0
27769,0.0
27771,0.0
27776,0.0
27779,0.0
27791,0.0
27792,0.0
27793,0.0
27799,0.0
27802,0.0
27804,0.0
27805,0.0
27807,0.0
27809,0.0
27810,0.0
27811,0.0
27814,0.0
27819,0.0
27822,0.0
27830,0.0
27831,0.0
27835,0.0
27839,0.0
27841,0.0
27850,0.0
27856,0.0
27857,0.0
27859,0.0
27860,0.0
27862,0.0
27864,0.0
27868,0.0
27870,0.0
27871,0.0
27872,0.0
27877,0.0
27878,0.0
27881,0.0
27885,0.0
27888,0.0
27890,0.0
27891,0.0
27895,0.0
27900,0.0
27901,0.0
27902,0.0
27909,0.0
27910,0.0
27911,0.0
27913,0.0
27916,0.0
27917,0.0
27918,0.0
27920,0.0
27926,0.0
27930,0.0
27931,0.0
27933,0.0
27934,0.0
27935,0.0
27939,0.0
27942,0.0
27945,0.0
27947,0.0
27950,0.0
27951,0.0
27954,0.0
27955,0.0
27960,0.0
27970,0.0
27973,0.0
27974,0.0
27975,0.0
27981,0.0
27984,0.0
27987,0.0
27992,0.0
27996,0.0
27997,0.0
27998,0.0
28000,0.0
28005,0.0
28007,0.0
28013,0.0
28017,0.0
28018,0.0
28027,0.0
28028,0.0
28030,0.0
28034,0.0
28044,0.0
28045,0.0
28047,0.0
28050,0.0
28054,0.0
28058,0.0
28061,0.0
28063,0.0
28064,0.0
28068,0.0
28069,0.0
28073,0.0
28080,0.0
28087,0.0
28089,0.0
28093,0.0
28096,0.0
28098,0.0
28100,0.0
28102,0.0
28108,0.0
28112,0.0
28114,0.0
28116,0.0
28117,0.0
28118,0.0
28119,0.0
28121,0.0
28122,0.0
28123,0.0
28124,0.0
28130,0.0
28131,0.0
28135,0.0
28137,0.0
28140,0.0
28144,0.0
28151,0.0
28153,0.0
28159,0.0
28166,0.0
28167,0.0
28170,0.0
28171,0.0
28175,0.0
28176,0.0
28177,0.0
28181,0.0
28182,0.0
28186,0.0
28193,0.0
28194,0.0
28195,0.0
28202,0.0
28205,0.0
28206,0.0
28207,0.0
28209,0.0
28217,0.0
28218,0.0
28220,0.0
28221,0.0
28222,0.0
28223,0.0
28225,0.0
28227,0.0
28230,0.0
28233,0.0
28240,0.0
28248,0.0
28249,0.0
28250,0.0
28254,0.0
28257,0.0
28258,0.0
28259,0.0
28260,0.0
28261,0.0
28266,0.0
28273,0.0
28275,0.0
28277,0.0
28281,0.0
28282,0.0
28283,0.0
28285,0.0
28286,0.0
28288,0.0
28289,0.0
28292,0.0
28293,0.0
28294,0.0
28298,0.0
28300,0.0
28301,0.0
28303,0.0
28313,0.0
28315,0.0
28319,0.0
28323,0.0
28325,0.0
28329,0.0
28334,0.0
28337,0.0
28342,0.0
28344,0.0
28347,0.0
28348,0.0
28350,0.0
28351,0.0
28355,0.0
28356,0.0
28358,0.0
28362,0.0
28366,0.0
28370,0.0
28379,0.0
28380,0.0
28385,0.0
28389,0.0
28392,0.0
28393,0.0
28394,0.0
28396,0.0
28399,0.0
28401,0.0
28405,0.0
28407,0.0
28408,0.0
28409,0.0
28410,0.0
28414,0.0
28416,0.0
28425,0.0
28429,0.0
28435,0.0
28436,0.0
28440,0.0
28441,0.0
28444,0.0
28449,0.0
28450,0.0
28451,0.0
28454,0.0
28457,0.0
28458,0.0
28459,0.0
28465,0.0
28476,0.0
28478,0.0
28482,0.0
28484,0.0
28487,0.0
28488,0.0
28489,0.0
28493,0.0
28500,0.0
28505,0.0
28507,0.0
28520,0.0
28525,0.0
28526,0.0
28527,0.0
28529,0.0
28530,0.0
28532,0.0
28534,0.0
28535,0.0
28543,0.0
28544,0.0
28552,0.0
28554,0.0
28555,0.0
28560,0.0
28569,0.0
28570,0.0
28574,0.0
28575,0.0
28576,0.0
28580,0.0
28581,0.0
28591,0.0
28592,0.0
28595,0.0
28597,0.0
28598,0.0
28601,0.0
28602,0.0
28604,0.0
28606,0.0
28608,0.0
28611,0.0
28612,0.0
28617,0.0
28618,0.0
28619,0.0
28624,0.0
28630,0.0
28631,0.0
28634,0.0
28635,0.0
28637,0.0
28638,0.0
28639,0.0
28651,0.0
28656,0.0
28657,0.0
28660,0.0
28663,0.0
28669,0.0
28675,0.0
28676,0.0
28680,0.0
28682,0.0
28688,0.0
28693,0.0
28697,0.0
28701,0.0
28702,0.0
28707,0.0
28709,0.0
28710,0.0
28712,0.0
28713,0.0
28717,0.0
28718,0.0
28720,0.0
28722,0.0
28723,0.0
28725,0.0
28727,0.0
28738,0.0
28740,0.0
28741,0.0
28742,0.0
28749,0.0
28750,0.0
28752,0.0
28757,0.0
28758,0.0
28759,0.0
28760,0.0
28766,0.0
28767,0.0
28771,0.0
28773,0.0
28777,0.0
28778,0.0
28779,0.0
28780,0.0
28782,0.0
28783,0.0
28784,0.0
28785,0.0
28787,0.0
28788,0.0
28792,0.0
28797,0.0
28800,0.0
28803,0.0
28804,0.0
28807,0.0
28808,0.0
28810,0.0
28812,0.0
28816,0.0
28817,0.0
28822,0.0
28825,0.0
28826,0.0
28827,0.0
28830,0.0
28834,0.0
28835,0.0
28837,0.0
28838,0.0
28840,0.0
28845,0.0
28846,0.0
28848,0.0
28851,0.0
28852,0.0
28853,0.0
28858,0.0
28859,0.0
28861,0.0
28863,0.0
28865,0.0
28869,0.0
28871,0.0
28873,0.0
28879,0.0
28880,0.0
28882,0.0
28885,0.0
28886,0.0
28891,0.0
28893,0.0
28896,0.0
28900,0.0
28901,0.0
28902,0.0
28904,0.0
28906,0.0
28908,0.0
28912,0.0
28919,0.0
28923,0.0
28924,0.0
28927,0.0
28932,0.0
28934,0.0
28935,0.0
28937,0.0
28938,0.0
28942,0.0
28943,0.0
28945,0.0
28946,0.0
28949,0.0
28961,0.0
28965,0.0
28968,0.0
28970,0.0
28977,0.0
28983,0.0
28992,0.0
28993,0.0
28997,0.0
29004,0.0
29007,0.0
29008,0.0
29010,0.0
29012,0.0
29015,0.0
29016,0.0
29027,0.0
29030,0.0
29033,0.0
29035,0.0
29036,0.0
29045,0.0
29046,0.0
29047,0.0
29048,0.0
29049,0.0
29051,0.0
29052,0.0
29053,0.0
29055,0.0
29060,0.0
29062,0.0
29067,0.0
29069,0.0
29071,0.0
29078,0.0
29081,0.0
29084,0.0
29085,0.0
29087,0.0
29089,0.0
29094,0.0
29096,0.0
29098,0.0
29102,0.0
29103,0.0
29105,0.0
29106,0.0
29108,0.0
29109,0.0
29111,0.0
29119,0.0
29120,0.0
29122,0.0
29125,0.0
29126,0.0
29128,0.0
29131,0.0
29137,0.0
29139,0.0
29140,0.0
29142,0.0
29145,0.0
29149,0.0
29151,0.0
29153,0.0
29161,0.0
29166,0.0
29167,0.0
29169,0.0
29173,0.0
29175,0.0
29176,0.0
29177,0.0
29178,0.0
29179,0.0
29185,0.0
29186,0.0
29187,0.0
29201,0.0
29203,0.0
29212,0.0
29214,0.0
29215,0.0
29216,0.0
29222,0.0
29223,0.0
29225,0.0
29226,0.0
29227,0.0
29228,0.0
29245,0.0
29250,0.0
29251,0.0
29252,0.0
29257,0.0
29259,0.0
29261,0.0
29263,0.0
29268,0.0
29269,0.0
29271,0.0
29274,0.0
29275,0.0
29279,0.0
29283,0.0
29285,0.0
29286,0.0
29289,0.0
29291,0.0
29293,0.0
29295,0.0
29297,0.0
29298,0.0
29303,0.0
29304,0.0
29305,0.0
29306,0.0
29307,0.0
29310,0.0
29311,0.0
29312,0.0
29318,0.0
29320,0.0
29322,0.0
29324,0.0
29325,0.0
29328,0.0
29334,0.0
29343,0.0
29344,0.0
29345,0.0
29346,0.0
29347,0.0
29351,0.0
29354,0.0
29355,0.0
29359,0.0
29361,0.0
29365,0.0
29366,0.0
29368,0.0
29385,0.0
29386,0.0
29391,0.0
29392,0.0
29395,0.0
29397,0.0
29398,0.0
29401,0.0
29403,0.0
29405,0.0
29410,0.0
29411,0.0
29412,0.0
29415,0.0
29416,0.0
29421,0.0
29425,0.0
29427,0.0
29439,0.0
29448,0.0
29449,0.0
29453,0.0
29454,0.0
29455,0.0
29456,0.0
29458,0.0
29462,0.0
29467,0.0
29472,0.0
29475,0.0
29476,0.0
29478,0.0
29480,0.0
29482,0.0
29484,0.0
29486,0.0
29487,0.0
29489,0.0
29492,0.0
29493,0.0
29494,0.0
29495,0.0
29496,0.0
29499,0.0
29510,0.0
29513,0.0
29514,0.0
29523,0.0
29525,0.0
29526,0.0
29528,0.0
29532,0.0
29539,0.0
29546,0.0
29547,0.0
29550,0.0
29551,0.0
29553,0.0
29555,0.0
29557,0.0
29558,0.0
29559,0.0
29560,0.0
29561,0.0
29563,0.0
29570,0.0
29575,0.0
29577,0.0
29582,0.0
29583,0.0
29589,0.0
29599,0.0
29600,0.0
29601,0.0
29604,0.0
29605,0.0
29606,0.0
29608,0.0
29609,0.0
29610,0.0
29611,0.0
29614,0.0
29619,0.0
29627,0.0
29628,0.0
29631,0.0
29632,0.0
29635,0.0
29639,0.0
29640,0.0
29643,0.0
29645,0.0
29646,0.0
29650,0.0
29651,0.0
29655,0.0
29657,0.0
29658,0.0
29660,0.0
29661,0.0
29666,0.0
29667,0.0
29679,0.0
29685,0.0
29686,0.0
29692,0.0
29693,0.0
29695,0.0
29696,0.0
29698,0.0
29699,0.0
29702,0.0
29708,0.0
29712,0.0
29713,0.0
29714,0.0
29716,0.0
29717,0.0
29719,0.0
29721,0.0
29724,0.0
29725,0.0
29727,0.0
29728,0.0
29730,0.0
29735,0.0
29738,0.0
29741,0.0
29743,0.0
29745,0.0
29747,0.0
29751,0.0
29752,0.0
29759,0.0
29760,0.0
29761,0.0
29769,0.0
29770,0.0
29771,0.0
29772,0.0
29776,0.0
29777,0.0
29782,0.0
29786,0.0
29791,0.0
29793,0.0
29795,0.0
29798,0.0
29800,0.0
29803,0.0
29811,0.0
29812,0.0
29815,0.0
29820,0.0
29824,0.0
29825,0.0
29830,0.0
29831,0.0
29834,0.0
29835,0.0
29839,0.0
29843,0.0
29846,0.0
29847,0.0
29850,0.0
29851,0.0
29867,0.0
29871,0.0
29872,0.0
29873,0.0
29875,0.0
29878,0.0
29882,0.0
29885,0.0
29886,0.0
29891,0.0
29892,0.0
29894,0.0
29903,0.0
29905,0.0
29908,0.0
29909,0.0
29910,0.0
29913,0.0
29914,0.0
29917,0.0
29918,0.0
29924,0.0
29927,0.0
29942,0.0
29944,0.0
29948,0.0
29950,0.0
29951,0.0
29956,0.0
29958,0.0
29960,0.0
29964,0.0
29970,0.0
29973,0.0
29974,0.0
29980,0.0
29981,0.0
29988,0.0
29991,0.0
29998,0.0
